MeZausted,94,2,2.12766,Scot in England,688,https://pbs.twimg.com/profile_images/738421606192709632/VlnvgSpu_normal.jpg
sanmusone,99,1,1.0101,Denmark,321,https://pbs.twimg.com/profile_images/730137587520786432/EIMbc8Cm_normal.jpg
Laineyhashorva, ,1,1,Los Angeles,508,https://pbs.twimg.com/profile_images/378800000666060760/138c8b9ceac3d67e6eb90231ecd2a2fa_normal.jpeg
Meldawson6,96,3,3.125,"Melbourne, Australia",311,https://pbs.twimg.com/profile_images/707411067341635584/jd3hZ4LY_normal.jpg
animal_vids,99,5,5.05051,none,188,https://pbs.twimg.com/profile_images/747682562978492416/bpmiU1VB_normal.jpg
beesarah1,25,2,8,none,7,https://pbs.twimg.com/profile_images/696064411899928580/fcm7_eC7_normal.jpg
dswift352,83,1,1.20482,"England, United Kingdom",1543,https://pbs.twimg.com/profile_images/563082456413138944/HslfkCcF_normal.jpeg
Murphy2Gail,100,3,3,United Kingdom,459,https://abs.twimg.com/sticky/default_profile_images/default_profile_5_normal.png
nannysue_sue,100,4,4,none,997,https://pbs.twimg.com/profile_images/753711629381042176/HWczGm-D_normal.jpg
saveallanimals2,93,2,2.15054,USA,10421,https://pbs.twimg.com/profile_images/699049925523341313/WzSXLeUp_normal.jpg
AnimalLawCustom,66,14,21.2121,"London, UK",47,https://pbs.twimg.com/profile_images/751443704754348032/N_NrYSQF_normal.jpg
dt_next,100,1,1,none,663,https://pbs.twimg.com/profile_images/660545850112782336/AmR0iqfT_normal.jpg
cornelia_dragon,100,4,4,Deutschland,828,https://pbs.twimg.com/profile_images/749843601069314049/0GUWwJOY_normal.jpg
VEGANbuny,96,6,6.25,"West Midlands, England",342,https://pbs.twimg.com/profile_images/721742990482366464/9W5kpbaI_normal.png
tamsynhawkins,88,1,1.13636,"Bristol and London ,UK",2131,https://pbs.twimg.com/profile_images/452157642149212160/1abFGQRr_normal.jpeg
indieartblast,100,1,1,"Miami, FL",13171,https://pbs.twimg.com/profile_images/687454528355102721/Ihxmqh8c_normal.jpg
CGonzalez5548,100,13,13,New York,1407,https://pbs.twimg.com/profile_images/412641640411447296/MHbt5Pe6_normal.jpeg
mog_and,99,38,38.3838,none,94,https://pbs.twimg.com/profile_images/739448724150194176/4y5N2w-c_normal.jpg
BenoCizelj,86,6,6.97674,Celje,60,https://pbs.twimg.com/profile_images/570577014008991744/5pfeXbpr_normal.jpeg
JennKoDesign,75,10,13.3333,Vancouver,653,https://pbs.twimg.com/profile_images/378800000167526714/2c1f288565cd72c8252e86dcd3d72239_normal.jpeg
BreatheCouture,64,9,14.0625,Vancouver Canada and Worldwide,3676,https://pbs.twimg.com/profile_images/443896534074019840/EVemePdZ_normal.jpeg
VeganmomVegan,97,3,3.09278,none,628,https://pbs.twimg.com/profile_images/213374563/lisa_camera_012_normal.jpg
Nickis_Legacy,97,4,4.12371,none,945,https://pbs.twimg.com/profile_images/378800000519492557/881f1297784bb0feb60e233d7b4bff81_normal.jpeg
55andwhat,96,1,1.04167,Planet Earth,1760,https://pbs.twimg.com/profile_images/1516808951/african-lion-2-1280x800_normal.jpg
lchapman221,100,24,24,none,41,https://pbs.twimg.com/profile_images/573625395687260160/LSWxz9_N_normal.jpeg
taminespr,97,1,1.03093,America,3765,https://pbs.twimg.com/profile_images/378800000027069606/1ba76f24f9030327222fe9bd34afb0d9_normal.jpeg
AnimalGabRadio,95,16,16.8421,Btwn Mts & the Sea,725,https://pbs.twimg.com/profile_images/753328031901491200/jAdri8Kn_normal.jpg
lola_roma,96,1,1.04167,"New York, NY",667,https://pbs.twimg.com/profile_images/627879706449285120/AJJFjM6-_normal.jpg
srjnet69,100,2,2,none,264,https://pbs.twimg.com/profile_images/682584764906344448/4YEkkH25_normal.jpg
Travels4Charity,100,6,6,"Cleveland, OH - San Diego, CA",5972,https://pbs.twimg.com/profile_images/438413146164711425/KeCiz1A5_normal.jpeg
drvpsinghvet,98,14,14.2857,"Najafgarh, New Delhi",120,https://pbs.twimg.com/profile_images/621646243362529280/k5VcGGQo_normal.jpg
patriseg,76,1,1.31579,Buenos Aires,902,https://pbs.twimg.com/profile_images/684115958559051778/QMuugEk7_normal.jpg
CerquaAnna,100,1,1,"Vaughan, Ontario",87,https://pbs.twimg.com/profile_images/729435635858210817/IFDw59z5_normal.jpg
HappyDogHydrant,96,13,13.5417,"Palm Coast, FL",2698,https://pbs.twimg.com/profile_images/750043115063545856/0RE8TZbh_normal.jpg
NatNewby1,96,4,4.16667,none,754,https://pbs.twimg.com/profile_images/461513416708870147/h8YCilIH_normal.jpeg
VeganGizmo,100,18,18,PDX,2143,https://pbs.twimg.com/profile_images/748551571009470465/xLurJptR_normal.jpg
_SuperMeat_,31,1,3.22581,Israel,604,https://pbs.twimg.com/profile_images/734898721964580866/hivPuE8a_normal.jpg
princesita3589,100,23,23,Toronto.Canada.,379,https://pbs.twimg.com/profile_images/1645139794/Autumn_Leaves_normal.jpg
SusanKeefe4,99,5,5.05051,none,1949,https://pbs.twimg.com/profile_images/2289823666/lswz2wr2ekxns7c26p6w_normal.jpeg
quakerscientist,50,1,2,blog: joelcw.github.io,1041,https://pbs.twimg.com/profile_images/633605488517754880/NUhCMRI1_normal.jpg
RipNTearRon,85,1,1.17647,"Brockville, Ontario, Canada",1558,https://pbs.twimg.com/profile_images/3190221596/b0e525d06c0f111dab9f5702e4b9b777_normal.jpeg
abbeycheech,100,3,3,"Harleysville, PA",623,https://pbs.twimg.com/profile_images/739235878422388736/FxgHlMGe_normal.jpg
RecorderTimes,100,1,1,"Brockville, Ontario, Canada",3977,https://pbs.twimg.com/profile_images/459011424124022784/X99d4Fdy_normal.png
Knownlessalien0,96,5,5.20833,good vibes,213,https://pbs.twimg.com/profile_images/711248794797662208/m6YpJS6v_normal.jpg
LizDylan123,94,40,42.5532,"New York, NY",161,https://pbs.twimg.com/profile_images/571368687194484736/RMtEgSig_normal.jpeg
StarraAngelle,96,2,2.08333,United Kingdom,1829,https://pbs.twimg.com/profile_images/460208372739219456/vd-s2CBR_normal.jpeg
Fish_Feel,48,14,29.1667,none,2624,https://pbs.twimg.com/profile_images/657394729542406144/sHtZ2GoC_normal.png
TheLuckyKitten,92,2,2.17391,At home-Warm-Cared For-Growing,964,https://pbs.twimg.com/profile_images/736337516337434624/ue64T3f-_normal.jpg
KaitHovey,93,1,1.07527,937,259,https://pbs.twimg.com/profile_images/749177454590304256/rgxBWteA_normal.jpg
AlexisMurray,82,1,1.21951,"Dayton, OH",2314,https://pbs.twimg.com/profile_images/733343219723952131/a-1mgEtH_normal.jpg
SocialEarth,99,3,3.0303,Global,29042,https://pbs.twimg.com/profile_images/2626627012/ez0dwz36m18dtn5qkncg_normal.png
MomaDarlyne,100,2,2,none,1522,https://pbs.twimg.com/profile_images/735262718416936960/TfBm0sgk_normal.jpg
TheBrokeAssVeg,99,32,32.3232,none,1050,https://pbs.twimg.com/profile_images/643530022263910405/gBLu1QIo_normal.png
Vegan_David_,92,8,8.69565,UK,2879,https://pbs.twimg.com/profile_images/732301018625679360/AiGy5XOz_normal.jpg
Mygreatredmare,79,2,2.53165,none,104,https://pbs.twimg.com/profile_images/750741887758327808/fxpVdcBm_normal.jpg
kelbast44,93,57,61.2903,Washington State,2402,https://pbs.twimg.com/profile_images/632089823730253824/3P9MJ5ca_normal.jpg
Animal__People,100,8,8,"Washington, USA",640,https://pbs.twimg.com/profile_images/661393108748271616/zIlpjwMV_normal.jpg
RebeccaLHuggins,99,1,1.0101,"Glastonbury, England",532,https://pbs.twimg.com/profile_images/753958937813217281/CGGi2Ghy_normal.jpg
thezenfulvegan,13,3,23.0769,none,941,https://pbs.twimg.com/profile_images/737095481826914304/gB37YrvD_normal.jpg
Tysess,18,1,5.55556,West Country (UK),1192,https://pbs.twimg.com/profile_images/1763881355/twitter_normal.jpg
K_Herborn,86,6,6.97674,none,174,https://pbs.twimg.com/profile_images/463296241732816896/zNs76-Ix_normal.jpeg
kaatjeplanet5,99,3,3.0303,brabant,263,https://pbs.twimg.com/profile_images/702941384165076992/tkkNY4TQ_normal.png
UnderYourTree,96,9,9.375,Isle of Wight,651,https://pbs.twimg.com/profile_images/503689554360942592/L4CmolF3_normal.jpeg
ShubunkinHaven,95,1,1.05263,Facebook,137,https://pbs.twimg.com/profile_images/439823321949945856/rWrhAZOq_normal.jpeg
CherylDay_NHF,91,2,2.1978,Illinois,407,https://pbs.twimg.com/profile_images/689867671127605248/LawKEHvs_normal.jpg
JeffSimmons2050,94,3,3.19149,Indiana ,9195,https://pbs.twimg.com/profile_images/707998380539170816/hdKXY5Mt_normal.jpg
lily_oh_lily_,88,7,7.95455,Portland,178,https://pbs.twimg.com/profile_images/493470165799948288/ixmF8XE8_normal.jpeg
draegersmarket,100,1,1,San Francisco Bay Area,1103,https://pbs.twimg.com/profile_images/705858580335820800/WT2E2YUb_normal.jpg
InstAnimalTech,81,3,3.7037,UK,89,https://pbs.twimg.com/profile_images/736331962/avatar_normal.jpg
SuzeBujsaim,99,9,9.09091,Where I'm supposed to be...,564,https://pbs.twimg.com/profile_images/440100197448679424/B3he0gkA_normal.jpeg
HelpingPetsNE,99,1,1.0101,North East England,142,https://pbs.twimg.com/profile_images/378800000777815210/1ae88c0e561dc00dc0f1e181ed627986_normal.jpeg
davina_hill,100,1,1,"Edinburgh, UK ",440,https://pbs.twimg.com/profile_images/697150991024713728/yd_3GTDN_normal.jpg
FurKidsWyo,99,13,13.1313,"Gillette, Wyoming",376,https://pbs.twimg.com/profile_images/3688196062/90d7fd14089ee9881f43b169a8ae126c_normal.jpeg
lurainpenny,62,7,11.2903,On the Crest of a Wave!,2087,https://pbs.twimg.com/profile_images/680596062453633025/tI-TDbnv_normal.jpg
JacquieGam,88,11,12.5,"Boston, MA",127,https://pbs.twimg.com/profile_images/508992643477434368/WB_UYpuS_normal.jpeg
Best_Frd_Buddy,83,16,19.2771,"Atlanta, GA",339,https://pbs.twimg.com/profile_images/687321559925698560/XhkAXhoG_normal.jpg
KingArthur_2015,100,1,1,Sea Point | Cape Town |?,687,https://pbs.twimg.com/profile_images/752372421693497344/vwmgBlgt_normal.jpg
Greens4Animals,100,2,2,none,15233,https://pbs.twimg.com/profile_images/723230353880584193/g3vje-f4_normal.jpg
ZoeFoster4,87,3,3.44828,none,152,https://pbs.twimg.com/profile_images/560207875537387520/9ZmkRiYw_normal.jpeg
rougeblonde,97,2,2.06186,"Lorraine, France",29,https://pbs.twimg.com/profile_images/687017691153068033/Ue1JFkZg_normal.jpg
ca8f2676044e4e8,96,1,1.04167,Upstate New York,1175,https://pbs.twimg.com/profile_images/645321754311827456/JQ57tDlM_normal.jpg
GilchristGloria,99,2,2.0202,none,1517,https://pbs.twimg.com/profile_images/446519952523018240/Zxb_aDG__normal.jpeg
Islands_of_Cats,88,16,18.1818,Malta,239,https://pbs.twimg.com/profile_images/694154922019962880/hKx7PY3G_normal.jpg
SienaPhacet,100,1,1,SoCal,96,https://pbs.twimg.com/profile_images/378800000298080500/a484e3319ba3a4373a7a8d0d9c7f7afb_normal.jpeg
l_polizzotto,4,1,25,none,2,https://pbs.twimg.com/profile_images/754007037856485376/_kIspP6I_normal.jpg
rad_birdo,85,1,1.17647,public static void,415,https://pbs.twimg.com/profile_images/630681409951133696/XmUNixIT_normal.jpg
colin_olcot,97,2,2.06186,none,356,https://pbs.twimg.com/profile_images/651299721550561280/fXXWajDE_normal.jpg
grhluna25,96,1,1.04167,none,993,https://pbs.twimg.com/profile_images/747174845176229888/ctC1Br0c_normal.jpg
hairlossclinic1,100,1,1,Marbella. Spain,1905,https://pbs.twimg.com/profile_images/378800000340120960/758d71579189f5dcb2c096a8d75183b8_normal.jpeg
j10u0l8i2e4,98,1,1.02041,???,679,https://pbs.twimg.com/profile_images/735464183710371841/2MktJ_lE_normal.jpg
Sinmii_,98,1,1.02041,Finding Myself,450,https://pbs.twimg.com/profile_images/750254390611742720/AI1uzd35_normal.jpg
hiyahayaa,66,1,1.51515,none,421,https://pbs.twimg.com/profile_images/742775099485507584/doPtRN7r_normal.jpg
imaaann_,58,1,1.72414,none,154,https://pbs.twimg.com/profile_images/749096854533517312/tXmTr5EZ_normal.jpg
IRFANftw,92,1,1.08696,none,271,https://pbs.twimg.com/profile_images/720547727906476032/_mImX2qC_normal.jpg
HelpingRhinos,97,2,2.06186,UK,21522,https://pbs.twimg.com/profile_images/683628320567721985/h7PkVsjB_normal.jpg
RobdeKetter,90,1,1.11111,Amsterdam,603,https://pbs.twimg.com/profile_images/493803480499224576/0IgQWR23_normal.jpeg
rahman_zahin,85,1,1.17647,San Francisco,105,https://pbs.twimg.com/profile_images/722332458524364800/gDVoEY5D_normal.jpg
NKTForever,100,1,1,"Newmarket, England",64,https://pbs.twimg.com/profile_images/746792535171936256/qcgt4MXH_normal.jpg
smith_shannen,94,1,1.06383,none,292,https://pbs.twimg.com/profile_images/589179396789035009/e-XytEFg_normal.jpg
AfiqHa_,81,1,1.23457,BWN // BRUNEI DARUSSALAM,499,https://pbs.twimg.com/profile_images/750581976990642176/tZe25A_M_normal.jpg
versacian,96,1,1.04167,none,1170,https://pbs.twimg.com/profile_images/740883994447884288/GzcsJ_3n_normal.jpg
samsaridaughter,100,1,1,"Pahang, Malaysia",1148,https://pbs.twimg.com/profile_images/751360177832550400/Fj1T5kCy_normal.jpg
WLBrazilOffic,98,1,1.02041,London,2002,https://pbs.twimg.com/profile_images/752308402601226240/T-k3FA1x_normal.jpg
iiicah_,81,1,1.23457,Q V A D R A N T,467,https://pbs.twimg.com/profile_images/749483114641051648/v5iu4Uaq_normal.jpg
OnceUponAJobs,100,3,3,none,1973,https://pbs.twimg.com/profile_images/670990010036842496/Vh5rcJps_normal.jpg
Aqilahirwan_,83,1,1.20482,none,138,https://pbs.twimg.com/profile_images/741560036506271744/IiA2IO2B_normal.jpg
hajarBeca,73,1,1.36986,none,379,https://pbs.twimg.com/profile_images/510813640035803136/mZTkUBMH_normal.jpeg
me_saifulidham,99,1,1.0101,none,540,https://pbs.twimg.com/profile_images/749124790397521921/KkJCQzUi_normal.jpg
karmafs,100,1,1,none,22,https://pbs.twimg.com/profile_images/228364743/thm_phpEMiGg5_normal.jpg
JasmineAMendez,56,1,1.78571,none,183,https://pbs.twimg.com/profile_images/751949642238013440/Jc8TlUZ6_normal.jpg
SandraJaneRosi1,59,1,1.69492,"England, United Kingdom",13,https://pbs.twimg.com/profile_images/752786364228333572/TlRwMRHt_normal.jpg
T_itsAsecret,89,1,1.1236,The Matrix,69,https://pbs.twimg.com/profile_images/657223596088107008/pNmkgCFW_normal.jpg
INNOCENT_E_I,96,2,2.08333,UK,6985,https://pbs.twimg.com/profile_images/686499980773834752/go34yBz2_normal.jpg
fakhrull74,57,1,1.75439,Old Trafford,383,https://pbs.twimg.com/profile_images/751785743698190337/rSLgjAmS_normal.jpg
R753Rfw753,100,5,5,none,1301,https://pbs.twimg.com/profile_images/694547965789097984/M6DUC8hs_normal.png
fawzees16,21,1,4.7619,none,37,https://pbs.twimg.com/profile_images/378800000532450605/dae4dad0499ad0d7e91c15a9fc38b900_normal.jpeg
kramphillips,100,1,1,"Queensland, Australia",397,https://pbs.twimg.com/profile_images/631407826259218432/vlFsRMPs_normal.jpg
dirtysmiggle,99,1,1.0101,none,369,https://pbs.twimg.com/profile_images/752840368132018176/mRyy2_6O_normal.jpg
_NikkiMitchell_,76,2,2.63158,London,245,https://pbs.twimg.com/profile_images/745950490572238850/MtB2PoPH_normal.jpg
viewer68,99,2,2.0202,"Plymouth, England",657,https://pbs.twimg.com/profile_images/741987606175567873/aqHa5rsl_normal.jpg
falalawii,93,1,1.07527,Bahrain ,116,https://pbs.twimg.com/profile_images/739016647256707072/4J6T7tw5_normal.jpg
MuffinGirl318,99,1,1.0101,Hogwarts  ??? ,1279,https://pbs.twimg.com/profile_images/668847449759420416/hUWCtpKZ_normal.jpg
SyedJulai,26,1,3.84615,none,119,https://pbs.twimg.com/profile_images/749583260338954241/WDlC2viJ_normal.jpg
yusufguruyel123,100,1,1,"Gombe, Nigeria",46,https://pbs.twimg.com/profile_images/748194646245912576/mp23UPKC_normal.jpg
AhmadSyaafiq,50,1,2,Seremban - Subang,612,https://pbs.twimg.com/profile_images/744313689516322816/16Oh8WHn_normal.jpg
Nooya_,85,1,1.17647,????? ?? ? ??? ??? ????? ????,326,https://pbs.twimg.com/profile_images/378800000191936328/c2ab8b1ded95a6d8c27bdf79a0d11c94_normal.jpeg
mirjayn,84,1,1.19048,none,66,https://pbs.twimg.com/profile_images/753585447020826624/9e9mQ6dV_normal.jpg
Val_97_4,98,1,1.02041,Reunion Island,878,https://pbs.twimg.com/profile_images/729740298750984192/NyehoTRV_normal.jpg
IzzaAlias,70,1,1.42857,Heaven,570,https://pbs.twimg.com/profile_images/752904641046642688/jzviACkk_normal.jpg
IllyaRaihana16,68,1,1.47059,Subang Jaya,482,https://pbs.twimg.com/profile_images/696504586605998082/CiHHh0CM_normal.jpg
softseb,80,1,1.25,none,8207,https://pbs.twimg.com/profile_images/751620992712060930/L-swp1rl_normal.jpg
stuckyislife,100,1,1,none,144,https://pbs.twimg.com/profile_images/735245531715276800/8XI7nksR_normal.jpg
liyanaevan_,100,1,1,Kuala Lumpur Federal Territory,405,https://pbs.twimg.com/profile_images/742800637235056644/kXvfV0qS_normal.jpg
AbbeyLane5,76,1,1.31579,Loughborough.,2139,https://pbs.twimg.com/profile_images/667497613453828098/AAUeu5XG_normal.png
hanijuuu,96,1,1.04167,none,138,https://pbs.twimg.com/profile_images/722118755229130752/pRe4xLI-_normal.jpg
_awieee,51,1,1.96078,Penang - Gombak,403,https://pbs.twimg.com/profile_images/748518322384179200/VqlShm05_normal.jpg
Hzeeqhisham,98,1,1.02041,none,256,https://pbs.twimg.com/profile_images/673152839334563840/08uWdVVY_normal.jpg
AIMAN_O,97,1,1.03093,MALAYSIA,69,https://pbs.twimg.com/profile_images/673365867996962817/GatFOxuI_normal.jpg
Pauline76491109,100,1,1,"South East, England",204,https://abs.twimg.com/sticky/default_profile_images/default_profile_1_normal.png
darkcelebs,94,1,1.06383,bikini bottom,150,https://pbs.twimg.com/profile_images/753711342532648960/rsI2AwkN_normal.jpg
medinalisya,96,1,1.04167,"Leuven, België",221,https://pbs.twimg.com/profile_images/749992319349297153/SwaaCH0Y_normal.jpg
esthercompsty,79,1,1.26582,Manchester,420,https://pbs.twimg.com/profile_images/706377365685796864/0EES5oMe_normal.jpg
christiane5,98,1,1.02041,Aust. V. ,1100,https://pbs.twimg.com/profile_images/740588365377069060/3dRpJC25_normal.jpg
yanaanana,99,1,1.0101,"Taiping , Perak",413,https://pbs.twimg.com/profile_images/753393175012659200/dYDvjpW1_normal.jpg
dixiefive,99,1,1.0101,none,564,https://pbs.twimg.com/profile_images/748367077942136834/m6pY7AGb_normal.jpg
EvansMicky,100,1,1,none,82,https://abs.twimg.com/sticky/default_profile_images/default_profile_2_normal.png
BrunoAm05317727,66,1,1.51515,"London, England",802,https://pbs.twimg.com/profile_images/752562694876700672/beV7twUV_normal.jpg
twooor,96,1,1.04167,Tehran,133,https://pbs.twimg.com/profile_images/567739248/celtic-dog-1_normal.jpg
AQ_Isa,100,1,1,none,71,https://pbs.twimg.com/profile_images/674855935207174144/977hlnaC_normal.jpg
moonlander56,96,2,2.08333,Thx for the follows & RTs :-),2126,https://pbs.twimg.com/profile_images/666224020405243904/XT90yBMZ_normal.jpg
jasminjames_,85,1,1.17647,"Leeds, England",320,https://pbs.twimg.com/profile_images/752948436224401409/ObmWbYMz_normal.jpg
Devonnes_bae,100,1,1,none,1065,https://pbs.twimg.com/profile_images/754030186807590912/37mtof0H_normal.jpg
PlatoSays,98,1,1.02041,"Geordie-On-Sea, Sussex",1985,https://pbs.twimg.com/profile_images/747057455054598145/ZiEuMOY6_normal.jpg
sprockaldo,18,3,16.6667,none,151,https://pbs.twimg.com/profile_images/665627316509409280/odkAxNjO_normal.jpg
kirstytm,99,6,6.06061,Cooey! Over here!!,319,https://pbs.twimg.com/profile_images/739135719155879937/_cCf6g11_normal.jpg
bradleyAstar,86,2,2.32558,none,1660,https://pbs.twimg.com/profile_images/750857849274765313/y_23R293_normal.jpg
carol_mccrtcrl,100,52,52,West coast,51,https://pbs.twimg.com/profile_images/378800000371339299/2f0297020ba0d58f30eb7097dc6bf12a_normal.jpeg
crystachiotaki,89,12,13.4831,"Bromley,London-N.Orleans LA-Gr",663,https://pbs.twimg.com/profile_images/500996660705492992/vcnJ2Flx_normal.png
MALICEr,99,5,5.05051,"Victoria, Australia",302,https://pbs.twimg.com/profile_images/753613019167412224/2oFCrPNs_normal.jpg
Achim_Klenner,86,3,3.48837,"Frankfurt/Main, Germany",29,https://pbs.twimg.com/profile_images/747504810174341121/vr0pa0WH_normal.jpg
Grc1287,100,13,13,"New York,NY",178,https://pbs.twimg.com/profile_images/551410865732591616/AtnfckGd_normal.jpeg
RaitaMaria,99,2,2.0202,none,954,https://pbs.twimg.com/profile_images/731382391294562304/C2EMBNr7_normal.jpg
Shirleyharrima3,34,1,2.94118,France vence,13,https://pbs.twimg.com/profile_images/742416550196482049/wN0pwRd2_normal.jpg
MiriamWesselink,40,1,2.5,70,2784,https://pbs.twimg.com/profile_images/423431075004575745/Nixq7VCL_normal.jpeg
CrevaStella,76,1,1.31579,none,607,https://pbs.twimg.com/profile_images/683001637556875264/xKfe67FN_normal.jpg
Pakkurareman,83,1,1.20482,Japanese in the USA,23194,https://pbs.twimg.com/profile_images/3258586321/e49e22c7b98824c01e39cb270e58c441_normal.jpeg
F117J,100,2,2,none,5040,https://pbs.twimg.com/profile_images/472457169233670144/xWU5pUS4_normal.png
Patrice_H_,100,13,13,"Paris, Ile-de-France",251,https://pbs.twimg.com/profile_images/429929813814439936/2BNCy7up_normal.jpeg
sassyfriday45,79,10,12.6582,none,1245,https://pbs.twimg.com/profile_images/2975121921/07bd5bb72a2471755fc7e6a00025dae0_normal.jpeg
MexicoSecuestra,95,4,4.21053,"Distrito Federal, México",1437,https://pbs.twimg.com/profile_images/665941243105382400/pgRTYvLq_normal.jpg
rmrphoto,91,2,2.1978,"San Diego, CA",171,https://pbs.twimg.com/profile_images/695750798676865024/MsbrrVR0_normal.jpg
luvmikemizanin,87,3,3.44828,Chicago,3533,https://pbs.twimg.com/profile_images/753776748010016769/VJgxLDiu_normal.jpg
10newsvanhyfte,97,1,1.03093,San Diego,2502,https://pbs.twimg.com/profile_images/610178836433498112/nYCoJunB_normal.jpg
CalamityKlarita,100,11,11,none,307,https://pbs.twimg.com/profile_images/546846745188380672/tAFbFGQ5_normal.jpeg
boneheadstudios,100,1,1,Texas,2030,https://pbs.twimg.com/profile_images/504377222346465280/j_Ednmfz_normal.jpeg
MegganAnderson,60,4,6.66667,1171S Robertson#341 LA CA90035,1100,https://pbs.twimg.com/profile_images/623972644589690880/Qp48NWyZ_normal.jpg
lbragen,99,1,1.0101,"Greenville,NC",3540,https://pbs.twimg.com/profile_images/592327466548604928/bFLTtbaS_normal.jpg
JoshieBreakfast,94,1,1.06383,"Marysville, WA",6133,https://pbs.twimg.com/profile_images/753267875570290689/1UautqIr_normal.jpg
NathanielAlder,4,1,25,none,0,https://abs.twimg.com/sticky/default_profile_images/default_profile_6_normal.png
ralusimosera,100,7,7,none,459,https://pbs.twimg.com/profile_images/744742968838467585/OgDJGI2Q_normal.jpg
mtee88,98,2,2.04082,"Illinois, USA",1661,https://pbs.twimg.com/profile_images/587419572300558338/tV8W3Dhn_normal.png
marylougeorge2,77,2,2.5974,"Toronto,Ontario,Canada",1513,https://pbs.twimg.com/profile_images/2338465880/tfh8d9x5qitk0quk2i4m_normal.jpeg
TerribleTodd9,96,3,3.125,United States,236,https://pbs.twimg.com/profile_images/749288584004399108/9j9LNk-z_normal.jpg
vivdarkangel,63,5,7.93651,none,506,https://pbs.twimg.com/profile_images/578946340547346432/6ggXVLSa_normal.jpeg
kazw69,100,10,10,"Treeton, England",82,https://pbs.twimg.com/profile_images/748627286451179521/gq1sUK9F_normal.jpg
LionHearts2016,97,3,3.09278,none,1450,https://pbs.twimg.com/profile_images/378800000421509060/e6b4a649c80b04ed01d4b7fa47985000_normal.jpeg
GhostWolf71,100,7,7,none,748,https://pbs.twimg.com/profile_images/3628765468/a47875e763f4d480d35b31cabc6111a7_normal.jpeg
vegboo,98,13,13.2653,none,51,https://pbs.twimg.com/profile_images/699388559694786560/UGzX1z3w_normal.jpg
japhettebender1,100,5,5,none,187,https://pbs.twimg.com/profile_images/708298435338702849/EHMqxIYx_normal.png
mundane_lyfe,99,35,35.3535,Canada,65,https://pbs.twimg.com/profile_images/731306584274550784/_0Y2HI7Z_normal.jpg
julie62_ray,99,3,3.0303,"Wrexham, North Wales, UK.",9135,https://pbs.twimg.com/profile_images/556375359919505408/L4_kbiYm_normal.jpeg
wynterdawn_07,87,6,6.89655,"Erie, Pa, USA",633,https://pbs.twimg.com/profile_images/707677595119304705/EHRXVM8o_normal.jpg
bernat_cim,99,1,1.0101,none,360,https://pbs.twimg.com/profile_images/528229056047616000/OD_cmxu1_normal.jpeg
TerriLynch78,91,6,6.59341,none,1743,https://pbs.twimg.com/profile_images/750040439500054532/B1HaI0BK_normal.jpg
GoldingEva,98,1,1.02041,none,278,https://pbs.twimg.com/profile_images/495336595898515456/YKJz2CvR_normal.jpeg
queenwaldorff,96,35,36.4583,none,5811,https://pbs.twimg.com/profile_images/694536108424560640/_hYJslev_normal.jpg
RodolfoDiazJ,93,2,2.15054,Santiago de Chile,195,https://pbs.twimg.com/profile_images/533362213751242752/iFBsOunA_normal.jpeg
ORRCHIDRAIN,97,5,5.15464,Intergalactical,2924,https://pbs.twimg.com/profile_images/731335396374667264/wvgDmbDL_normal.jpg
Susan_Khol,90,4,4.44444,none,459,https://abs.twimg.com/sticky/default_profile_images/default_profile_1_normal.png
LauraEidenaite,98,8,8.16327,Belfast,63,https://pbs.twimg.com/profile_images/559456488989540352/ecjCkQKI_normal.jpeg
saudade70,99,20,20.202,[Man] is the cruelest animal. ,1339,https://pbs.twimg.com/profile_images/612725438872481792/0oPpu1ST_normal.jpg
Pinkandwild,86,1,1.16279,mjsworldblog.wordpress.com,1375,https://pbs.twimg.com/profile_images/753317743517114368/Q4i5F6qR_normal.jpg
_AnimalAdvocate,93,7,7.52688,FOLLOW IF YOU WANT CHANGE,45492,https://pbs.twimg.com/profile_images/378800000033292373/e3662cd7ba944e6cc69bdac0fd306d4c_normal.jpeg
audreyholl16,100,16,16,"Chicago, IL",519,https://pbs.twimg.com/profile_images/707352032693395457/6JKqjmbD_normal.jpg
lucyk6992,86,1,1.16279,none,1780,https://pbs.twimg.com/profile_images/702128136117469184/2QKn4upA_normal.jpg
MerylMmciscoil,98,3,3.06122,"North Carolina, USA",1445,https://pbs.twimg.com/profile_images/546700423038398464/yOyflhya_normal.jpeg
GucciGoldstein,72,3,4.16667,"Ponte Vedra Beach, Florida",138,https://pbs.twimg.com/profile_images/2278352189/gucciscarf1_normal.jpg
Hollie_MMU,91,20,21.978,"England, United Kingdom",268,https://pbs.twimg.com/profile_images/752612180370006016/wgj62Gu1_normal.jpg
jkowailw,100,4,4,Leicester,622,https://pbs.twimg.com/profile_images/739791891487563776/KoeBAsXz_normal.jpg
vegariffic,77,12,15.5844,New York,3794,https://pbs.twimg.com/profile_images/378800000134735705/5ceb25f005b2887ab068e3c4f534b41e_normal.jpeg
Littlelimbs12,83,5,6.0241,Norfolk ,43,https://pbs.twimg.com/profile_images/747898589343416320/fecybda0_normal.jpg
KeatsBen,100,10,10,"Portland, OR",423,https://pbs.twimg.com/profile_images/732736811798171649/uH5idQli_normal.jpg
GHRPorg,100,29,29,Worldwide,883,https://pbs.twimg.com/profile_images/558723429449211905/Vm6ncAS-_normal.png
sajoerlodeh,99,11,11.1111,none,87,https://pbs.twimg.com/profile_images/746765530363793408/POGTOVSF_normal.jpg
fruchtfleischer,93,2,2.15054,Nord Deutschland,286,https://pbs.twimg.com/profile_images/638127649748070400/pQw37f1O_normal.jpg
YellowMustard19,62,1,1.6129,Boston ,380,https://pbs.twimg.com/profile_images/751190622363463680/ekZmt3lK_normal.jpg
klaasje20,100,8,8,none,1623,https://pbs.twimg.com/profile_images/685551124183662592/aNCQJ2P-_normal.jpg
valw53,83,3,3.61446,London,773,https://pbs.twimg.com/profile_images/2204863858/2b3bdc39-e8b8-4157-b46a-c638082a89e5_normal.png
anikasleem,100,3,3,Canada,605,https://pbs.twimg.com/profile_images/752163806118281216/YKB4u2JX_normal.jpg
StanY1af,94,1,1.06383,Ffestiniog,527,https://pbs.twimg.com/profile_images/3091691225/3ece792c0fc53a5ef5cf7c2733e01007_normal.jpeg
WalesMarc,96,1,1.04167,CYMRU WALES,570,https://pbs.twimg.com/profile_images/442022778599137280/S20tRgOc_normal.jpeg
aleksandralisic,98,5,5.10204,london,196,https://pbs.twimg.com/profile_images/741694516764266496/CGOQ0zI0_normal.jpg
HUCKFINN_LENIN,86,1,1.16279,Valladolid,2190,https://pbs.twimg.com/profile_images/620001759927386112/y8OX07ss_normal.png
Tony_Storton,86,1,1.16279,"Stevenage, England",855,https://pbs.twimg.com/profile_images/698630689198100480/zKUSA-DT_normal.jpg
LiveAidOCEANS,97,4,4.12371,"Amsterdam, the Netherlands",4210,https://pbs.twimg.com/profile_images/506519117919039488/Uut7F6a2_normal.jpeg
SecHandDogsMom,83,9,10.8434,Sun Coast,462,https://pbs.twimg.com/profile_images/451736448266297344/mVyXKov6_normal.jpeg
donken37,97,7,7.2165,Southran Ireland Planet Earth ,1756,https://pbs.twimg.com/profile_images/750400148602294272/vFc-HKsX_normal.jpg
Thomas_Vegan,100,54,54,"Kent, England, UK",2527,https://pbs.twimg.com/profile_images/659506914380947456/u6KH-nl__normal.jpg
An0nyMIssVegan,100,11,11,Nowhere,2035,https://pbs.twimg.com/profile_images/740018638996922368/ce6-r-Me_normal.jpg
VeganWiki,62,6,9.67742,UK,3624,https://pbs.twimg.com/profile_images/448618310133764096/HIiUdlDx_normal.png
sansmobileapp,100,1,1,none,165,https://pbs.twimg.com/profile_images/619143568385380354/gSALdl4U_normal.png
jacquihughes17,38,6,15.7895,none,36,https://abs.twimg.com/sticky/default_profile_images/default_profile_3_normal.png
JuneStoyer,92,16,17.3913,NY,75937,https://pbs.twimg.com/profile_images/747606939702550528/TEtLYsYo_normal.jpg
jutta2016,99,3,3.0303,Netherlands,1390,https://pbs.twimg.com/profile_images/691759027307544579/qKsHL1Yq_normal.jpg
1draakje,100,7,7,none,2321,https://pbs.twimg.com/profile_images/1698997960/pwflanai5_1__normal.jpg
animalonly,100,6,6,none,2248,https://pbs.twimg.com/profile_images/458330210253819904/KTgrjYbq_normal.png
nonbirdberry,100,50,50,none,3386,https://pbs.twimg.com/profile_images/569694401350205440/yd95y7AL_normal.jpeg
adrienne_ayres,96,1,1.04167,none,1894,https://pbs.twimg.com/profile_images/750367640342958081/avO0yr9Q_normal.jpg
Jaiveer_sharma1,90,1,1.11111,none,24,https://pbs.twimg.com/profile_images/751264486485430273/X9QIyN4c_normal.jpg
VeganWhatElse,100,11,11,Earth,993,https://pbs.twimg.com/profile_images/724366638804422656/ArhYb4Ed_normal.jpg
AllergicToMites,84,60,71.4286,"Cologne, Germany",389,https://pbs.twimg.com/profile_images/671616401594032133/wfxaCKkw_normal.jpg
amberlyn17,99,2,2.0202,"Gladstone, Qld, Australia",536,https://pbs.twimg.com/profile_images/564930861292720129/tSBzyYyQ_normal.jpeg
Cee_dreaming,94,4,4.25532,none,512,https://pbs.twimg.com/profile_images/749882385156673536/la_K8KKF_normal.jpg
thedreamer1707,88,1,1.13636,none,179,https://pbs.twimg.com/profile_images/739853846831333381/uFUaoq4k_normal.jpg
oregano88,83,1,1.20482,none,596,https://pbs.twimg.com/profile_images/747965067048542208/aJVlwG4T_normal.jpg
WhyItsMia,36,5,13.8889,"San Francisco, CA",8,https://pbs.twimg.com/profile_images/748384265818234880/1POs1LIZ_normal.jpg
S22Syd,78,7,8.97436,Sydney Australia,2930,https://pbs.twimg.com/profile_images/436101547949162496/M0acgiGr_normal.jpeg
AnimalSOSSLanka,94,1,1.06383,Sri Lanka,2472,https://pbs.twimg.com/profile_images/378800000567038290/ff8563989cd0fc6071f90af19f077cc9_normal.jpeg
AikoNakamura6,96,4,4.16667,?? ,360,https://pbs.twimg.com/profile_images/753636417927086081/tYbeaVrc_normal.jpg
Andydp701,82,4,4.87805,none,854,https://pbs.twimg.com/profile_images/418726284223860736/GNPMXIx-_normal.jpeg
therealgirlo,56,1,1.78571,Syd-Bali-L.A,576,https://pbs.twimg.com/profile_images/1823922498/Eleonor_s_crop_normal.JPG
MILAN_Petrovic_,100,3,3,Barcelona (Spain),2486,https://pbs.twimg.com/profile_images/737347487757938688/G83veMCW_normal.jpg
BanTrophyHuntin,100,94,94,"UK, USA",1415,https://pbs.twimg.com/profile_images/591250049172168705/7KpiKueQ_normal.png
khorah,100,2,2,California,261,https://pbs.twimg.com/profile_images/1541337911/tw_12516295_1315937643_normal.jpg
DolphinPaige,96,2,2.08333,none,16326,https://pbs.twimg.com/profile_images/630404272711143424/mNyW5Ig1_normal.jpg
obwandiyag,100,7,7,none,166,https://pbs.twimg.com/profile_images/737700323737755649/dQA_ZQTX_normal.jpg
thegaudidragon,97,3,3.09278,Manchester,146,https://pbs.twimg.com/profile_images/1583788618/Gaudidragon_normal.jpg
Amy_perrins1994,84,8,9.52381,"Sydney, New South Wales",228,https://pbs.twimg.com/profile_images/753881876847177728/Gl1w9m--_normal.jpg
JmJbree,98,2,2.04082,none,106,https://pbs.twimg.com/profile_images/751372739412234240/H1epgoET_normal.jpg
TheVeganGamer,95,39,41.0526,"Sydney, New South Wales",1428,https://pbs.twimg.com/profile_images/626364959367114752/oFCOqTue_normal.jpg
MAHAMOSA,85,2,2.35294,Being In The World(R),87379,https://pbs.twimg.com/profile_images/701288788845268992/Z_oMnnhA_normal.jpg
rgovett1,66,4,6.06061,Adelaide,1474,https://pbs.twimg.com/profile_images/582832013897441280/4VnIduYe_normal.jpg
AJ_SoulSister,96,10,10.4167,City of London - World Wide!,396,https://pbs.twimg.com/profile_images/745407764550324224/lqy8-G_7_normal.jpg
KittyLibFront,98,1,1.02041,none,8081,https://pbs.twimg.com/profile_images/471899348716888064/wCy_bFKZ_normal.jpeg
Mora94538783,95,12,12.6316,none,179,https://pbs.twimg.com/profile_images/746411482565402625/ZgeIHF7q_normal.jpg
Christophe77,100,1,1,"Pretoria, South Africa",4619,https://pbs.twimg.com/profile_images/595989632401207296/ZYXHYGHE_normal.jpg
staylor2612,90,3,3.33333,OZ,428,https://pbs.twimg.com/profile_images/3075989282/833f33a0510ed91c70e9f2574bdd9e86_normal.jpeg
greennomad61,76,2,2.63158,none,5391,https://pbs.twimg.com/profile_images/668606311039299584/VlS0WD_Z_normal.jpg
vindadamona,100,8,8,"Yvelines, Ile-de-France",130,https://pbs.twimg.com/profile_images/670284448152334336/U48uBRfL_normal.jpg
wolfmoon1812,100,2,2,none,55,https://pbs.twimg.com/profile_images/749696679754870785/1WLQ6cuw_normal.jpg
ParrishCarolyn,100,1,1,Rabbit Hill.Ga,6831,https://pbs.twimg.com/profile_images/598358819329179649/tj-Qejfq_normal.jpg
jacklynvvo,92,1,1.08696,none,387,https://pbs.twimg.com/profile_images/748180942628364288/sUc8Oy4J_normal.jpg
bozzieb,100,1,1,"Norfolk, England",729,https://pbs.twimg.com/profile_images/1177479366/AAVID___B135dog_normal.gif
FelineBob11,96,3,3.125,none,204,https://pbs.twimg.com/profile_images/434080202072006656/iPIZ--LO_normal.jpeg
loliarias79,83,1,1.20482,none,1067,https://pbs.twimg.com/profile_images/726790736759406592/lo14lMj__normal.jpg
magister_ed,95,4,4.21053,none,580,https://pbs.twimg.com/profile_images/3777073843/53d54bf6f44afc27017c9fe0da61a6f5_normal.jpeg
OzzieChristine,97,2,2.06186,"Brisbane, Queensland",1130,https://pbs.twimg.com/profile_images/710370558463107072/0C4HfdU0_normal.jpg
anastasiamadam,100,1,1,none,74,https://pbs.twimg.com/profile_images/1529761472/sleeping_bunny_01_normal.jpg
Twi5tedkitten,64,2,3.125,Bath/Bristol,174,https://pbs.twimg.com/profile_images/556539562554839042/ofJBrrTy_normal.jpeg
neilkilbride,73,3,4.10959,UK,379,https://pbs.twimg.com/profile_images/663508202357682176/O_BO8kCv_normal.jpg
4EverOurFriends,100,6,6,none,332,https://pbs.twimg.com/profile_images/491611056037306369/v_fmcMRJ_normal.jpeg
phlashstudios,99,1,1.0101,"Scottsdale, AZ",1150,https://pbs.twimg.com/profile_images/742423437914734592/PjT5iBZr_normal.jpg
The_Animal_Team,96,2,2.08333,Nationwide,29341,https://pbs.twimg.com/profile_images/749663799465172992/byNBJe2Z_normal.jpg
tm014d1009,70,1,1.42857,none,567,https://pbs.twimg.com/profile_images/745239134978056192/tghOaLmp_normal.jpg
maxelltrotter,66,1,1.51515,UK,1334,https://abs.twimg.com/sticky/default_profile_images/default_profile_2_normal.png
erburdog,100,1,1,"Maracaibo, Zulia - On",338,https://pbs.twimg.com/profile_images/3523936543/cfeaf6480e8c5e759c65e85091c3bc39_normal.jpeg
Femme1Bella,87,2,2.29885,none,1358,https://pbs.twimg.com/profile_images/724958803590946816/WErHF2vI_normal.jpg
marielleixa34,94,2,2.12766,none,671,https://pbs.twimg.com/profile_images/661635380131835905/DqUdSGbW_normal.jpg
ladywolfzes,95,3,3.15789,eindhoven,1474,https://pbs.twimg.com/profile_images/344513261582229848/d74576c6bbc6a42dc54287a8826c8041_normal.jpeg
JohnCatfang,100,8,8,Central NJ,1290,https://pbs.twimg.com/profile_images/644299820623097857/3400USI-_normal.jpg
Champion3Claire,61,3,4.91803,"London, England",258,https://pbs.twimg.com/profile_images/715265555213787137/uqN7fs51_normal.jpg
Breannte84,98,1,1.02041,phillipines,116,https://pbs.twimg.com/profile_images/511225286747119617/TqUXM_b-_normal.jpeg
deemoreton,99,10,10.101,Northumberland,58,https://pbs.twimg.com/profile_images/717084075182407680/RK83X3XC_normal.jpg
AScottishWitch,98,2,2.04082,A Scot in Australia,1015,https://pbs.twimg.com/profile_images/752002053417803776/Rw6Vobt8_normal.jpg
CarolineSalfati,100,4,4,none,229,https://pbs.twimg.com/profile_images/711647631068504066/Ipdm38YS_normal.jpg
promorama39,99,3,3.0303,none,835,https://pbs.twimg.com/profile_images/612167640510021632/-yXa50Xy_normal.jpg
bizziboouk,63,1,1.5873,United Kingdom,2037,https://pbs.twimg.com/profile_images/722377963807850496/kEbA_g1l_normal.jpg
GNH_GNP,89,5,5.61798,INTEGRITY IS EVERYTHING,79,https://pbs.twimg.com/profile_images/709805954011938816/6sjHjZmG_normal.jpg
PROFANECLOTHING,80,3,3.75,"Los Angeles, CA",10576,https://pbs.twimg.com/profile_images/713831121390288899/4Ba6q7Ye_normal.jpg
lilianactuc,82,1,1.21951,España,229,https://pbs.twimg.com/profile_images/747413280243728385/duGgnV7J_normal.jpg
WurtzSuzanne,100,1,1,"Belleville, IL",650,https://pbs.twimg.com/profile_images/602397002912104448/Y96Wec8P_normal.jpg
keriqbaum,66,1,1.51515,"Under A Pile of Blankets, Iowa",2700,https://pbs.twimg.com/profile_images/743524110739734528/Px3pJEyR_normal.jpg
brusslesprout,92,4,4.34783,west midlands,1024,https://pbs.twimg.com/profile_images/668058397502259200/rXS6n2Fn_normal.jpg
Lephoenixwolf6,100,2,2,Colorado,728,https://pbs.twimg.com/profile_images/1750826047/AsstortedPicsFurryFamilyMembers92011_040_normal.jpg
sookisoo,100,3,3,"Gateshead, Remainia",708,https://pbs.twimg.com/profile_images/668858115752759296/hDx_WI7K_normal.png
dottydunn25,97,1,1.03093,Leigh Lancs England,270,https://pbs.twimg.com/profile_images/726383868627013632/Qz2Wm6-T_normal.jpg
juneh49,100,1,1,North of England,1266,https://pbs.twimg.com/profile_images/753633249293926401/l1BnZkVW_normal.jpg
AlwaysBornFree,83,3,3.61446,"England, United Kingdom",173,https://pbs.twimg.com/profile_images/751191705911586817/gxpIY2fG_normal.jpg
MsTKIndeed,95,3,3.15789,"Kent, UK",1677,https://pbs.twimg.com/profile_images/3148433085/9bc6da0c507dd54f8cb312cd9afc7cfb_normal.jpeg
waynecater1,95,2,2.10526,none,329,https://pbs.twimg.com/profile_images/746201995585851393/gQ5L7YBu_normal.jpg
debbiejones218,61,1,1.63934,none,2535,https://pbs.twimg.com/profile_images/682027357809545216/xt_jai2Q_normal.jpg
Neetsy77,97,3,3.09278,London UK,783,https://pbs.twimg.com/profile_images/529572531628277760/YGuD-jRG_normal.jpeg
JuliaPeculiart,98,2,2.04082,England,1550,https://pbs.twimg.com/profile_images/710910412355727360/oUyRVeDD_normal.jpg
trudikate,82,2,2.43902,none,1740,https://pbs.twimg.com/profile_images/656470114728960000/KMX7q7b0_normal.png
GMlovelie67xxx,90,2,2.22222,The Netherlands,1003,https://pbs.twimg.com/profile_images/744226220590645248/ZX51XlbW_normal.jpg
jordyjax,76,1,1.31579,none,4826,https://pbs.twimg.com/profile_images/2914555867/ff68d0cf6119aa536ee1976304064da0_normal.jpeg
tgshepherdvan,59,2,3.38983,Vancouver,593,https://pbs.twimg.com/profile_images/741749612633952256/o74oZXt9_normal.jpg
BeeWilson3,91,8,8.79121,none,804,https://pbs.twimg.com/profile_images/678281135101755392/uXSY-zy7_normal.jpg
Frogman6L,99,1,1.0101,"Aarhus, Danmark",130,https://pbs.twimg.com/profile_images/549610540809854977/x4qG-_rm_normal.jpeg
mattfinished,97,1,1.03093,Manchester,401,https://pbs.twimg.com/profile_images/687061919228911616/HRJukwMR_normal.jpg
pelipekan,40,3,7.5,The Great Southern Land,89,https://pbs.twimg.com/profile_images/670329732311875584/hJ2YRtjt_normal.jpg
DebraDragonhea2,92,1,1.08696,none,62,https://abs.twimg.com/sticky/default_profile_images/default_profile_3_normal.png
moosskel,96,3,3.125,"wickford , essex",344,https://pbs.twimg.com/profile_images/714466688478158848/9kadf4RB_normal.jpg
scmoreau,98,1,1.02041,none,142,https://pbs.twimg.com/profile_images/553476230717378561/t-EK7AR7_normal.jpeg
AngelDree1d,97,4,4.12371,none,439,https://pbs.twimg.com/profile_images/624141593893838848/xODrothe_normal.jpg
NewForestLife1,61,1,1.63934,New Forest National Park.,1322,https://pbs.twimg.com/profile_images/438678832636125184/7iq-gheO_normal.jpeg
avra46,99,1,1.0101,none,1987,https://pbs.twimg.com/profile_images/523840827928616960/-eMBE6uG_normal.jpeg
YSperrin,80,1,1.25,none,46,https://pbs.twimg.com/profile_images/559294571491123200/hzsJkPVQ_normal.jpeg
scottbeswick,99,4,4.0404,none,4518,https://pbs.twimg.com/profile_images/750017212627480577/6J5ZTcvi_normal.jpg
willforsyth,86,1,1.16279,none,658,https://pbs.twimg.com/profile_images/683984870201245696/WyQ16nm__normal.jpg
Booze_Nina,98,1,1.02041,"Slough, UK",828,https://pbs.twimg.com/profile_images/3419100137/d8e7c92e4b8122d4bcf524045c655ae0_normal.jpeg
oldogsrescue,100,7,7,Oz,1424,https://abs.twimg.com/sticky/default_profile_images/default_profile_2_normal.png
schembrirg,100,1,1,none,194,https://pbs.twimg.com/profile_images/447844475608375297/m__JmlaJ_normal.jpeg
portillowut,80,1,1.25,"Los Angeles, CA",100,https://pbs.twimg.com/profile_images/753126094526672896/dstkwSaS_normal.jpg
mortisha888,96,2,2.08333,none,657,https://pbs.twimg.com/profile_images/488076541826301952/53GtDRuv_normal.jpeg
peacelovemariah,95,1,1.05263,none,1570,https://pbs.twimg.com/profile_images/747243643501678592/ktlVQq1P_normal.jpg
rhiannoncahill,100,4,4,none,582,https://pbs.twimg.com/profile_images/510939497270214656/pj6OvHEY_normal.jpeg
Hmn001,93,1,1.07527,"Scotland, Europe",932,https://pbs.twimg.com/profile_images/691278862848659456/eTmSjsS-_normal.png
RealMegParker,50,1,2,"Traverse City, Michigan",253,https://pbs.twimg.com/profile_images/662512096949702656/x7MdNAFa_normal.jpg
alberto_pilotto,94,2,2.12766,none,3015,https://pbs.twimg.com/profile_images/613240924014034944/o52hy9l7_normal.jpg
fuel4fashion,68,2,2.94118,"Mumbai, India.",1219,https://pbs.twimg.com/profile_images/660761530762469376/sjF3bLH4_normal.jpg
AnimalAbusers,99,31,31.3131,|||| STOP ANIMAL ABUSERS |||| ,18106,https://pbs.twimg.com/profile_images/433119360274530304/5ME0rkT4_normal.jpeg
alt14,94,2,2.12766,Manchester,146,https://pbs.twimg.com/profile_images/721417236196519936/lWM7r0B9_normal.jpg
SpecialtyTravel,100,7,7,none,468,https://pbs.twimg.com/profile_images/1224723512/Profilepic_normal.png
bgreen,98,1,1.02041,"Roanoke, USA",7464,https://pbs.twimg.com/profile_images/667119145247461378/SYlCtyX8_normal.jpg
WorldofWeir,99,4,4.0404,Australia,579,https://pbs.twimg.com/profile_images/717248706265747457/xzcl2v_q_normal.jpg
ArabellaAnon,100,23,23,Atlantis,465,https://pbs.twimg.com/profile_images/742742858143309825/QHQMVOsB_normal.jpg
Simlugi,100,7,7,Switzerland,36,https://pbs.twimg.com/profile_images/1881694589/simlugi_normal.jpg
PassionGardens,100,1,1,The Garden,4693,https://pbs.twimg.com/profile_images/557495601755992064/q3dygThV_normal.jpeg
emskeen_runner,99,7,7.07071,"Berkshire, England",1051,https://pbs.twimg.com/profile_images/3760460341/92bff05674d68a86e58a7a1f4e7c8735_normal.jpeg
RS_Garden_Care,100,1,1,"Beckenham,Kent",3193,https://pbs.twimg.com/profile_images/745001321053454336/cYb01MA-_normal.jpg
clairelouise_99,75,1,1.33333,Saltaire,401,https://pbs.twimg.com/profile_images/475648311555129344/kt2k8w7w_normal.jpeg
50marietes,100,7,7,none,71,https://pbs.twimg.com/profile_images/643830707488464896/NxiVJr1T_normal.jpg
AngiePedley,94,1,1.06383,Yorkshire Dales,1413,https://pbs.twimg.com/profile_images/750564198506237952/ikt5vYn6_normal.jpg
SjazzmeanDK,45,2,4.44444,"Lyngby-Taarbæk, Denmark.",36,https://pbs.twimg.com/profile_images/753893633200455680/HPPxT0_5_normal.jpg
VladimirKurgan5,87,4,4.5977,none,34,https://pbs.twimg.com/profile_images/746755359059116032/cMfJWT31_normal.jpg
VeganShoesLon,89,44,49.4382,London England,1109,https://pbs.twimg.com/profile_images/747792863166144512/U_127TcB_normal.jpg
joly2u,87,2,2.29885,none,1519,https://pbs.twimg.com/profile_images/575474705/squirrel_baby_normal.jpg
EarthMineYours,100,1,1,"Richmond, British Columbia",473,https://pbs.twimg.com/profile_images/732748910750359556/Rwvsoff2_normal.jpg
Suriyel,84,12,14.2857,Canada,1229,https://pbs.twimg.com/profile_images/699175765506727936/auXTIcte_normal.jpg
Waldheidi,97,18,18.5567,Deutschland,1347,https://pbs.twimg.com/profile_images/2592574844/zmcumti53vo389ivmj6d_normal.jpeg
Cat_Kez,99,8,8.08081,Yorkshire - England,1366,https://pbs.twimg.com/profile_images/492811812945948673/EPTJz69i_normal.jpeg
parispapankl,99,6,6.06061,"Attica, Greece",602,https://pbs.twimg.com/profile_images/736943045040558081/x8Itxeo4_normal.jpg
GreenEnergyRevU,100,1,1,Worldwide,1493,https://pbs.twimg.com/profile_images/2488720684/images__1__normal.jpg
TheEarthNetwork,100,1,1,"@JohnLundin, editor",9212,https://pbs.twimg.com/profile_images/378800000402599044/3267a492bb835d3dc0d7910ce8b173bd_normal.jpeg
AdrianMason73,98,28,28.5714,London,1028,https://pbs.twimg.com/profile_images/713803122074914817/8FfqWku3_normal.jpg
osterlohmichael,100,1,1,Celle,16132,https://pbs.twimg.com/profile_images/566545016361725952/DAevXEPU_normal.jpeg
msadek621,77,1,1.2987,UAE/Chicago,594,https://pbs.twimg.com/profile_images/731355854822354944/OYiJDF_T_normal.jpg
Organic_Tweets,100,38,38,"Buhusi, Bacau Romania",368,https://pbs.twimg.com/profile_images/1163530827/Organic_Tweets_by_Florin_Carare_normal.JPG
FarmVoice365,99,80,80.8081,none,7177,https://pbs.twimg.com/profile_images/579591918105001984/jS6uzeUk_normal.jpg
gardengoodie,86,3,3.48837,New York City,1391,https://pbs.twimg.com/profile_images/944290921/azaleas-bbg-0088_normal.jpg
Monix10,97,2,2.06186,Gibraltar,234,https://pbs.twimg.com/profile_images/693152602419286017/fDLoDDUl_normal.jpg
X1XSKI,65,2,3.07692,"Berkshire, ENGLAND",26,https://pbs.twimg.com/profile_images/751311183425175552/KSbXKZ95_normal.jpg
VeggieWanted,100,87,87,Follow if you want a change!,518,https://abs.twimg.com/sticky/default_profile_images/default_profile_3_normal.png
jde3521,81,12,14.8148,none,1194,https://pbs.twimg.com/profile_images/442397744204746752/s1iwNzkT_normal.jpeg
PegasusAngel,65,2,3.07692,Gibraltar,1826,https://pbs.twimg.com/profile_images/749633264508407813/G2ePTnjj_normal.jpg
Kaylee_01,100,2,2,Rotherham,303,https://pbs.twimg.com/profile_images/681450726439174144/V1_0mu_u_normal.jpg
DebbyBruck,99,3,3.0303,NC,21306,https://pbs.twimg.com/profile_images/3670561172/9828e177b9b93112d5f91ad2f5b63a83_normal.jpeg
GrapeCats,100,10,10,"Pipersville, PA",1139,https://pbs.twimg.com/profile_images/3437316964/912d5efe5f1dc4f97b10aed5aa779953_normal.jpeg
MikeRussell69,99,1,1.0101,London / Kent or anywhere,1270,https://pbs.twimg.com/profile_images/493480153788739585/K1fVxwxC_normal.jpeg
SamKristyAfrica,100,3,3,United Kingdom,405,https://pbs.twimg.com/profile_images/746959013909270528/V2hj-7ho_normal.jpg
TheMrGibs,100,38,38,"Venice Beach, California",137,https://pbs.twimg.com/profile_images/446875016198492160/M7av3mVb_normal.jpeg
VeganDreamer,96,3,3.125,Southern Spain,2847,https://pbs.twimg.com/profile_images/1546959237/Twit1Plant2_normal.jpg
Joe198506,93,4,4.30107,"Perth, Western Australia",461,https://pbs.twimg.com/profile_images/636042880390328320/JspYt9M6_normal.jpg
Vegan4life63,100,1,1,Germany,2672,https://pbs.twimg.com/profile_images/667087344630018049/1k6BUJR4_normal.png
Londonveganbird,70,2,2.85714,none,1253,https://pbs.twimg.com/profile_images/676170992037810176/-19negBz_normal.jpg
AlejandroRP5,52,1,1.92308,mexico DF ,83,https://pbs.twimg.com/profile_images/582375656962420736/Fl0OzNOk_normal.jpg
debbiedubba,91,1,1.0989,"Goa, India",74,https://pbs.twimg.com/profile_images/506702857882460160/9Cqu7W98_normal.jpeg
paestum08,88,2,2.27273,none,118,https://pbs.twimg.com/profile_images/753578184340303872/OoYuBFCl_normal.jpg
iamrizkhan8970,72,1,1.38889,"hyderabad, India",4244,https://pbs.twimg.com/profile_images/753529452965920768/H_hMU43__normal.jpg
judysale23,85,5,5.88235,UK,7538,https://pbs.twimg.com/profile_images/747562976371163136/54qQj9xS_normal.jpg
SayItSpeakIt,85,1,1.17647,none,1061,https://pbs.twimg.com/profile_images/378800000297667340/e9fbd4ecd14c019a0d208094f1ee1644_normal.jpeg
chrisdodin1,100,2,2,Villemomble....Paris,369,https://pbs.twimg.com/profile_images/529698732040679424/K-QYV6Lu_normal.jpeg
thecatsrgrowlin,97,8,8.24742,Tottenham,904,https://pbs.twimg.com/profile_images/744798265674104832/Bz3ZbRAx_normal.jpg
ginachron,80,5,6.25,none,11201,https://pbs.twimg.com/profile_images/684343767273353216/Tx6W8Pbo_normal.png
micki_t,70,2,2.85714,LA2Chicago.No place like home.,1006,https://pbs.twimg.com/profile_images/1586894951/595f1243-5b99-4508-8b62-950870428897_normal.png
vetfortrump1,81,2,2.46914,"Kansas, USA",1352,https://pbs.twimg.com/profile_images/748633965389451264/MDYtcGfQ_normal.jpg
MerylPinque,83,1,1.20482,? Planète végane ? ,344,https://pbs.twimg.com/profile_images/696849826424741889/wtzje4ga_normal.jpg
rayann2320,91,3,3.2967,"Illinois, USA",5946,https://pbs.twimg.com/profile_images/721790472692183040/Mk_Ep6BC_normal.png
MartinPribble,37,1,2.7027,Outer space,7282,https://pbs.twimg.com/profile_images/749097058087235585/9INAPHsO_normal.jpg
Sandy_Bigelow,87,2,2.29885,MA,650,https://pbs.twimg.com/profile_images/686237175281750016/S2MI4dIR_normal.jpg
OMyfanwy,99,2,2.0202,"Wales, United Kingdom",154,https://pbs.twimg.com/profile_images/748545455596920832/HpZAuLdI_normal.jpg
orca_waves,99,8,8.08081,By the sea,4090,https://pbs.twimg.com/profile_images/602449691779936257/Z4aCVhTN_normal.jpg
tannyb22,100,5,5,none,148,https://pbs.twimg.com/profile_images/565253486972243972/JTJjt5Ut_normal.jpeg
4omgnewsafrica,93,1,1.07527,"LA mountains, California",943,https://pbs.twimg.com/profile_images/581084490392428544/dLlDam_J_normal.jpg
razooshka96,83,7,8.43373,none,681,https://pbs.twimg.com/profile_images/697714609491410944/zMa0HvI5_normal.jpg
lemburg_d,100,6,6,none,139,https://pbs.twimg.com/profile_images/640954136947638272/EZaF7axn_normal.png
SoulsDefence,100,2,2,none,2373,https://pbs.twimg.com/profile_images/704263145963986945/XqpPT7Gw_normal.jpg
boghub,100,4,4,none,33,https://abs.twimg.com/sticky/default_profile_images/default_profile_4_normal.png
andibeth012,81,1,1.23457,"Los Angeles, CA",1298,https://pbs.twimg.com/profile_images/723687508664438784/hF8VX-Un_normal.jpg
jon_dunn,40,1,2.5,"Grand Rapids, MI",1609,https://pbs.twimg.com/profile_images/512665269018185728/uRlOwGcl_normal.jpeg
1968Caroline,97,24,24.7423,none,131,https://pbs.twimg.com/profile_images/586947456438554624/AEEkXKI9_normal.jpg
leighjalland,100,4,4,"Braintree, Essex , England",2421,https://pbs.twimg.com/profile_images/753812814444113920/nrfFmcbA_normal.jpg
DevottoOliv,96,2,2.08333,none,525,https://abs.twimg.com/sticky/default_profile_images/default_profile_2_normal.png
