"jamnabai9","98","8","8.16327","none","27","https://pbs.twimg.com/profile_images/750183131672489984/oftUHNZJ_normal.jpg"
"Reaal_Rude","96","4","4.16667","D'Amber's World ??","1707","https://pbs.twimg.com/profile_images/751241049306128384/s1maZVfg_normal.jpg"
"Bri0027","100","1","1","Sacramento, CA","58","https://pbs.twimg.com/profile_images/615708269928034312/-096iKei_normal.jpg"
"mpompey83","100","1","1","none","192","https://pbs.twimg.com/profile_images/694608256807931904/kNHJkM8b_normal.jpg"
"ukaesthetic","89","1","1.1236","UnitedKingdom","24089","https://pbs.twimg.com/profile_images/1700688909/twitter_photo_normal.jpg"
"eblakTracks","100","1","1","Mississippi'$ Finest","63","https://pbs.twimg.com/profile_images/643887417359925248/A843Bg2L_normal.jpg"
"BigBootyTrey_","100","1","1","Wylie,TX","194","https://pbs.twimg.com/profile_images/546162720504958976/KNzoheYs_normal.jpeg"
"Doughravme","100","1","1","east coast of fl.","7590","https://pbs.twimg.com/profile_images/3140097088/8b13d59a3d8a5ffb1aa899a98a7d191d_normal.jpeg"
"iammxrcos","90","1","1.11111","New Jersey, USA","752","https://pbs.twimg.com/profile_images/742844317358796800/_78iXQdZ_normal.jpg"
"HKamphaus","98","1","1.02041","Columbia, South Carolina, USA","5709","https://pbs.twimg.com/profile_images/729045573265817600/MFSbrLS0_normal.jpg"
"jackalsbynight","100","6","6","Lambeth, London","87","https://abs.twimg.com/sticky/default_profile_images/default_profile_3_normal.png"
"lovetcs_","100","1","1","none","309","https://pbs.twimg.com/profile_images/483287281483005952/KRB1UBCr_normal.jpeg"
"GregoryFBaby_18","98","2","2.04082","Houston, Tx","2039","https://pbs.twimg.com/profile_images/708091751223787520/gggsYgy1_normal.jpg"
"versatilemusic","100","2","2","Orangeburg, SC","1186","https://pbs.twimg.com/profile_images/752352923347087360/bXh9-sPh_normal.jpg"
"amanirobertsx","52","1","1.92308","Wales, United Kingdom","556","https://pbs.twimg.com/profile_images/732738333164613637/oRyWOnUD_normal.jpg"
"TTRILLZ_LHDC","100","1","1","none","654","https://pbs.twimg.com/profile_images/561393436784615424/2oSyU4qG_normal.jpeg"
"LudwigElga","100","8","8","Delaware, USA","20","https://pbs.twimg.com/profile_images/743685436648808448/VQTOrTk7_normal.jpg"
"KHAHILAH","100","1","1","Killadelphia","58","https://pbs.twimg.com/profile_images/572048965258117120/q2l9YAVt_normal.jpeg"
"_Bhall21_","88","1","1.13636","Miramar, FL","945","https://pbs.twimg.com/profile_images/734148998865379328/g55oa79X_normal.jpg"
"COLORAESTHETlC","99","2","2.0202","none","986","https://pbs.twimg.com/profile_images/685645798692921344/mBQ2pCcu_normal.jpg"
"faukme_saukme","100","1","1","Ig: trezzybaby_","944","https://pbs.twimg.com/profile_images/713744339277586433/XkZkSDEm_normal.jpg"
"JenniferEBoling","100","1","1","Brazoria,  Tx","75","https://pbs.twimg.com/profile_images/378800000804798369/50617d395dd2b1d9504c94c5eef1c229_normal.jpeg"
"H0eslovepapi","100","1","1","2?5?2? Where you at thoo??","506","https://pbs.twimg.com/profile_images/734170193946017792/Yts9S1xi_normal.jpg"
"ashavalos18","87","3","3.44828","none","268","https://pbs.twimg.com/profile_images/754511551260831744/gceDQWEF_normal.jpg"
"kid_josh_","92","2","2.17391","none","193","https://pbs.twimg.com/profile_images/722490442789494784/egDTN1Ss_normal.jpg"
"mattywee99","94","2","2.12766","night night ","177","https://pbs.twimg.com/profile_images/676310743013310464/wZg91fXw_normal.jpg"
"JoeBo_2","90","2","2.22222","Atlantic City, NJ","207","https://pbs.twimg.com/profile_images/754333044849467392/rY_3_PuK_normal.jpg"
"GLesnak15","94","1","1.06383","Cleveland, OH","669","https://pbs.twimg.com/profile_images/750509535215976448/b9CRIMf1_normal.jpg"
"Fothlog","90","5","5.55556","Nigeria","568","https://pbs.twimg.com/profile_images/750163700515016708/X1ozqde1_normal.jpg"
"karatrixxie","100","1","1","none","754","https://pbs.twimg.com/profile_images/599263768837754881/zpk6hyVW_normal.jpg"
"paigeedwardsx","100","1","1","Newport, Wales","201","https://pbs.twimg.com/profile_images/630505660854177792/-l7DIyjA_normal.jpg"
"Vedaism","64","3","4.6875","Clutch City, TX","474","https://pbs.twimg.com/profile_images/747449195758424064/vBnwZjbC_normal.jpg"
"vic_wut","100","1","1","none","185","https://pbs.twimg.com/profile_images/378800000234135578/c3f58a145dd9960d700d0df7a39f84fa_normal.jpeg"
"insurancehnews","100","5","5","none","8428","https://pbs.twimg.com/profile_images/552261706831761408/xN52k3Bj_normal.jpeg"
"Curios__GEORGE","79","3","3.79747","Norristown, PA","393","https://pbs.twimg.com/profile_images/744761062621384704/mWchGN0y_normal.jpg"
"WlLDHEATHENS","86","5","5.81395","|-/","179","https://pbs.twimg.com/profile_images/749073715795820545/Lrustuux_normal.jpg"
"cis29ish","100","1","1","none","146","https://pbs.twimg.com/profile_images/479966163107979264/Qv_xnhcx_normal.jpeg"
"IShootBandss","67","1","1.49254","Bedworth, England","1583","https://pbs.twimg.com/profile_images/754483561680568320/vHLCZaqp_normal.jpg"
"ErsserRia","100","1","1","none","48","https://pbs.twimg.com/profile_images/458511791073820672/KFTxY7Cn_normal.jpeg"
"ItsShonteay","100","1","1","California, USA","787","https://pbs.twimg.com/profile_images/663065276187983873/fIKmZUVJ_normal.jpg"
"dingocunt","70","6","8.57143","none","317","https://pbs.twimg.com/profile_images/753667674970791937/30Gc6nFc_normal.jpg"
"xroyal_empire1","100","1","1","Hollywood Florida","208","https://pbs.twimg.com/profile_images/3644653858/dc7d62cfbc088e438a4d979bad2d4c9b_normal.jpeg"
"Micheall_11","100","1","1","Liverpoolll...","258","https://pbs.twimg.com/profile_images/521670032540332033/9N_ajoMq_normal.jpeg"
"CieraNicole6030","100","1","1","none","195","https://pbs.twimg.com/profile_images/378800000637979364/e9c337f4ab4e72ea32cb84df8b4abfc5_normal.jpeg"
"9jaRT","100","3","3","Motherland, Nigeria","1939","https://pbs.twimg.com/profile_images/467762032578932736/59JOI7P4_normal.jpeg"
"m3gmcnatt","100","1","1","Laguna Beach","336","https://pbs.twimg.com/profile_images/473561891705716736/FZ9-ccdU_normal.jpeg"
"Mzlissa7187","100","1","1","none","183","https://pbs.twimg.com/profile_images/530526355143004160/Rs3M4ol7_normal.jpeg"
"BeccaAnnFlint","95","1","1.05263","Racine, Ohio","464","https://pbs.twimg.com/profile_images/736976331016130561/YpQd-_lR_normal.jpg"
"_aangelinaa","100","1","1","none","77","https://pbs.twimg.com/profile_images/440366557718257664/_nLsuGtB_normal.jpeg"
"KortneyKourtnee","100","1","1","none","508","https://pbs.twimg.com/profile_images/684938718252285955/SZFVL3RJ_normal.jpg"
"lconaway53","58","3","5.17241","none","115","https://pbs.twimg.com/profile_images/1880840712/LfRWB3Rq_normal"
"SEXSTROLOGY","100","5","5","USA","134078","https://pbs.twimg.com/profile_images/654084770796843009/TdxWTMRc_normal.jpg"
"Do_Souto_Shelly","85","5","5.88235","none","460","https://pbs.twimg.com/profile_images/754354612921139201/BWXadKdr_normal.jpg"
"_TheCondomBroke","99","5","5.05051","none","1769","https://pbs.twimg.com/profile_images/513336177429327873/2Ck9mYqu_normal.jpeg"
"abbieelawson","81","2","2.46914","none","506","https://pbs.twimg.com/profile_images/749946432426283010/NbgudhLr_normal.jpg"
"joey_scarps","76","1","1.31579","follow @kevinkleiner he is hot","466","https://pbs.twimg.com/profile_images/751861035280261120/SizIpEY-_normal.jpg"
"Ruddy_bash","95","1","1.05263","lasgidi( Eko ile )","387","https://pbs.twimg.com/profile_images/726831745333641217/7tlqVXi1_normal.jpg"
"LarkinLake","27","1","3.7037","Sleepy Hollow, IL","19","https://pbs.twimg.com/profile_images/719657807193092100/yWz9TMcj_normal.jpg"
"Goo_Money","100","1","1","Da Motha Land","438","https://pbs.twimg.com/profile_images/2461456013/TurnpR4l_normal"
"isaiahbeltran_","98","2","2.04082","NY","445","https://pbs.twimg.com/profile_images/749015306123829249/6o7GlGUt_normal.jpg"
"GBUrology","100","5","5","Boston, MA","233","https://pbs.twimg.com/profile_images/598918036532236288/OY9nSqg1_normal.png"
"Spremekai","97","1","1.03093","Chicago, IL","319","https://pbs.twimg.com/profile_images/753740892687785984/bvpafBB5_normal.jpg"
"NHSEnglandSouth","99","6","6.06061","South of England","21086","https://pbs.twimg.com/profile_images/628201672456712192/UyIdzihB_normal.jpg"
"Legendary_Sham","85","5","5.88235","Another Planet ","763","https://pbs.twimg.com/profile_images/676444863999668224/bg6kb1hg_normal.jpg"
"_TraciSmile","99","3","3.0303","United States","542","https://pbs.twimg.com/profile_images/742833427204952064/12EK77ME_normal.jpg"
"june_santos20","97","2","2.06186","London","147","https://pbs.twimg.com/profile_images/483589285019648000/9TCpJsPE_normal.jpeg"
"_feelowri","72","4","5.55556","Neath, South Wales/De Cymru ","796","https://pbs.twimg.com/profile_images/744928644624171008/2uqLvDSQ_normal.jpg"
"agnerisss_x3","100","1","1","CT & PR","223","https://pbs.twimg.com/profile_images/460976012163960832/1hthOEf__normal.jpeg"
"APCatHOME","100","2","2","none","2422","https://pbs.twimg.com/profile_images/621385507847675905/qw-iWuhA_normal.png"
"LeukaemiaCAREuk","91","6","6.59341","UK","3380","https://pbs.twimg.com/profile_images/1627022378/circle_only_normal.jpg"
"BlinkLucy182","94","3","3.19149","none","74","https://pbs.twimg.com/profile_images/655681980378427392/GtRhqwBq_normal.jpg"
"Troubled_s0ul","95","2","2.10526","badlands","963","https://pbs.twimg.com/profile_images/666644173265637376/bmjf-516_normal.jpg"
"MeganJermey","63","2","3.1746","Australia","212","https://pbs.twimg.com/profile_images/749556292667092992/bv3CByVQ_normal.jpg"
"Randy_Isobel","96","3","3.125","none","298","https://pbs.twimg.com/profile_images/580043951068966912/cAI7nEo3_normal.jpg"
"KassonBryant","100","1","1","none","48","https://pbs.twimg.com/profile_images/3528531483/5f4bc28e954962f640f8b4a9f6fe6fd7_normal.jpeg"
"BluLiner55","44","3","6.81818","South Florida","726","https://pbs.twimg.com/profile_images/718182429962420224/i-11ftWB_normal.jpg"
"ChambersMarquis","72","1","1.38889","the town ?? the city","500","https://pbs.twimg.com/profile_images/749906012560236544/VJ8BB7Ts_normal.jpg"
"mckeenzziiee","91","4","4.3956","Texas, USA","423","https://pbs.twimg.com/profile_images/753226488481140736/R_DZQ3xQ_normal.jpg"
"SaveRyanWhiteD","89","8","8.98876","none","2202","https://pbs.twimg.com/profile_images/639621879196549120/F4Uh5zUs_normal.jpg"
"HIV_Campground","100","2","2","Warsaw, IN","1085","https://pbs.twimg.com/profile_images/65947313/HCP_normal.jpg"
"MaverickReads","100","3","3","none","1936","https://pbs.twimg.com/profile_images/625060325268815872/vObDVdBd_normal.jpg"
"canisgallicus","75","1","1.33333","none","2200","https://pbs.twimg.com/profile_images/730382685089173505/Bwfz0_Fc_normal.jpg"
"JackPAnderson","100","2","2","none","12","https://pbs.twimg.com/profile_images/738166301789589504/FqC58J9Z_normal.jpg"
"RobinRayMD","72","3","4.16667","Savannah, GA","229","https://pbs.twimg.com/profile_images/477385328416657408/H4e2RIqN_normal.jpeg"
"DadeWilliams","100","1","1","Winnipeg, Manitoba, Canada","5297","https://pbs.twimg.com/profile_images/698344114207617027/QTZ4qxdQ_normal.jpg"
"darshanvdave","91","1","1.0989","none","123","https://abs.twimg.com/sticky/default_profile_images/default_profile_4_normal.png"
"clayman1488","100","8","8","none","197","https://pbs.twimg.com/profile_images/751779473138151424/4Xx_bSse_normal.jpg"
"inourvoice","95","8","8.42105","none","63","https://pbs.twimg.com/profile_images/749889907280191488/ejj5Wpxz_normal.jpg"
"skelter_","97","1","1.03093","none","466","https://pbs.twimg.com/profile_images/553649700122165248/k9xR4Hi4_normal.jpeg"
"zobonews","100","4","4","none","1307","https://pbs.twimg.com/profile_images/378800000834130306/44b9415b4f182d9fb5fc5ed18758adba_normal.png"
"SHMFoundation","99","2","2.0202","London","1555","https://pbs.twimg.com/profile_images/522827318826246145/GsZJssN__normal.jpeg"
"TheScientifiK","100","5","5","San Mateo, CA","80940","https://pbs.twimg.com/profile_images/1592720178/27507_thumb125_normal.jpg"
"melaninpixie","82","1","1.21951","she/her","513","https://pbs.twimg.com/profile_images/751956575179436032/Hdy1vjO9_normal.jpg"
"shuklajayanti","87","2","2.29885","Mumbai","226","https://pbs.twimg.com/profile_images/594218068982665216/-Pe3XFGC_normal.jpg"
"TimHogenbirk","100","1","1","Nederland","765","https://pbs.twimg.com/profile_images/594489037919948801/93E7yCI6_normal.jpg"
"StraightTalkKe","91","6","6.59341","Nairobi, Kenya","1832","https://pbs.twimg.com/profile_images/607913229252063234/RH2UDkyJ_normal.jpg"
"IgnisAmare","84","7","8.33333","United Kingdom","1140","https://pbs.twimg.com/profile_images/752402022280953856/c-Tcwuy7_normal.jpg"
"BethJordan6","85","4","4.70588","Toronto / Barbados","670","https://pbs.twimg.com/profile_images/722048469154734080/7aPt8Jln_normal.jpg"
"RosalesRosina","100","7","7","California, USA","195","https://pbs.twimg.com/profile_images/736428518444138496/Nqrafbrj_normal.jpg"
"jorare85","99","7","7.07071","Nairobi ","73","https://pbs.twimg.com/profile_images/579159130906238976/jVQuVn10_normal.jpg"
"farahyaqoob13","99","6","6.06061","none","83","https://pbs.twimg.com/profile_images/691228899313897472/T507MvwX_normal.jpg"
"pmanyalo","85","2","2.35294"," live,love,laugh","471","https://pbs.twimg.com/profile_images/686802289466732544/mygctKdS_normal.jpg"
"mendy29677890","93","2","2.15054","Soweto, South Africa","24","https://pbs.twimg.com/profile_images/746367536481050624/nWbZdtpK_normal.jpg"
"UltimateLale","98","4","4.08163","Johannesburg","791","https://pbs.twimg.com/profile_images/714451537435762688/Q5bsZd0U_normal.jpg"
"frameshi","100","5","5","none","942","https://pbs.twimg.com/profile_images/3476548201/809a0756add87c63735623336d5b78f5_normal.jpeg"
"Kahtsina","72","9","12.5","LEI/LDN","13061","https://pbs.twimg.com/profile_images/754650443746246657/ctb4Yc9H_normal.jpg"
"peaceparliament","100","5","5","none","15","https://pbs.twimg.com/profile_images/745019727127449600/SfMYrIjJ_normal.jpg"
"CeeYaNonoise","96","6","6.25","Johannesburg, South Africa","278","https://pbs.twimg.com/profile_images/733252526930300928/JmZjgbrD_normal.jpg"
"AneleM37","100","3","3","BEYHive ","1431","https://pbs.twimg.com/profile_images/754626596703797248/FE6ntcC0_normal.jpg"
"Manojalluri123","99","5","5.05051","none","35","https://pbs.twimg.com/profile_images/742241703281577984/mP1gIi4d_normal.jpg"
"Justiin_Bibber","100","6","6","USA","522","https://pbs.twimg.com/profile_images/2755658077/e4106223207a6cd2eb74381684e7e194_normal.jpeg"
"SpokespersonMoD","100","2","2","New Delhi","66985","https://pbs.twimg.com/profile_images/671281623296376832/KIELb8sK_normal.jpg"
"gmachage","82","1","1.21951","Migori County.","10902","https://pbs.twimg.com/profile_images/685546139924447232/5q-3in4C_normal.jpg"
"noraandkids","93","1","1.07527","West Valley City, UT","105","https://pbs.twimg.com/profile_images/658467416070971392/cUt_hrUJ_normal.jpg"
"350Africa","94","2","2.12766","Africa","2114","https://pbs.twimg.com/profile_images/494468281680404480/fG2l_VY7_normal.png"
"AdwinCaban","56","3","5.35714","Bronx, NY","1770","https://pbs.twimg.com/profile_images/644177855862185989/HhZRwKD9_normal.jpg"
"13_below","100","3","3","Houston, TX","353","https://pbs.twimg.com/profile_images/630448468734050304/P92b1STb_normal.jpg"
"TheSwallocaust","58","9","15.5172","London","2329","https://pbs.twimg.com/profile_images/750392936861491200/DMuoHigJ_normal.jpg"
"judaslovesyou","100","2","2","Charlotte,NC","76","https://pbs.twimg.com/profile_images/3369165262/b8f17207076ed8b6f1747bf0b16f1c61_normal.jpeg"
"dkarki","98","8","8.16327","Nepal","740","https://pbs.twimg.com/profile_images/666628178836742144/4bCn9Q6w_normal.jpg"
"lagronejr97","73","1","1.36986","East Texas","13","https://pbs.twimg.com/profile_images/743385108825124864/yTV3zHPs_normal.jpg"
"QuietNotSilent","98","5","5.10204","California ?","393","https://pbs.twimg.com/profile_images/2397888946/image_normal.jpg"
"donnalburnell","100","3","3","toney alabama","1292","https://pbs.twimg.com/profile_images/749301637190127616/udnShe-P_normal.jpg"
"playing4change_","97","2","2.06186","South Africa","36","https://pbs.twimg.com/profile_images/740816571199803392/9t02XyMg_normal.jpg"
"MikeSolane","100","10","10","Littleton, CO","336","https://pbs.twimg.com/profile_images/2757203246/882550de41160cb5f7c816fe340826cf_normal.png"
"conju_re","100","2","2","London","3829","https://pbs.twimg.com/profile_images/720156259098501121/7JXq9L1s_normal.jpg"
"SundayTimesZA","100","3","3","South Africa","221927","https://pbs.twimg.com/profile_images/637945691872956416/g1oKDfeR_normal.jpg"
"AIDS_conference","87","2","2.29885","Durban, 18-22 July 2016","16837","https://pbs.twimg.com/profile_images/646232234379341824/30CE0JYR_normal.jpg"
"KateO5558","98","2","2.04082","Smalltown","43","https://pbs.twimg.com/profile_images/734522631412649984/k2-R26VV_normal.jpg"
"NordicBaltLGBT","100","1","1","London","560","https://pbs.twimg.com/profile_images/610143687503409153/XVm55TZi_normal.png"
"brolaurie","100","2","2","none","422","https://pbs.twimg.com/profile_images/651794732855787520/u-sPugtj_normal.png"
"Oddie_Budi_S","98","2","2.04082","Semarang","388","https://pbs.twimg.com/profile_images/717508287546064896/4yEiKS-Y_normal.jpg"
"seouIswoc","98","5","5.10204","??","17390","https://pbs.twimg.com/profile_images/754676076853493764/f5Leh5H4_normal.jpg"
"ToOurShores","100","5","5","none","904","https://pbs.twimg.com/profile_images/599607645310332929/mAl2UUhA_normal.jpg"
"CORDS_HQ","99","15","15.1515","global","437","https://pbs.twimg.com/profile_images/637325036114845697/XHgFHrNh_normal.jpg"
"FranLuke123","96","3","3.125","Pennsylvania, RFD","675","https://pbs.twimg.com/profile_images/727576874692448256/1Fv4nLFI_normal.jpg"
"ZahraLodhi1","100","2","2","Pakistan","1021","https://pbs.twimg.com/profile_images/711871061772668928/0ShD6QRS_normal.jpg"
"JjK24jf36","99","2","2.0202","N. AMERICA","24","https://abs.twimg.com/sticky/default_profile_images/default_profile_5_normal.png"
"elsasia","96","3","3.125","Bangkok, Thailand","885","https://pbs.twimg.com/profile_images/739161783349350400/09-rvhrf_normal.jpg"
"G_B_Jr_","97","6","6.18557","Lusaka","333","https://pbs.twimg.com/profile_images/752453041824096256/DoKYSgMe_normal.jpg"
"millinium02","94","1","1.06383","none","457","https://pbs.twimg.com/profile_images/686390917377474566/c6Y3nLY3_normal.jpg"
"pridetalks","90","1","1.11111","none","3151","https://pbs.twimg.com/profile_images/742792872114655232/ku5oeG1F_normal.jpg"
"grantclarkmedia","94","4","4.25532","Durban, South Africa","296","https://pbs.twimg.com/profile_images/466768739287826432/iM9nn-gm_normal.jpeg"
"Lazarbeamz","70","3","4.28571","none","203","https://pbs.twimg.com/profile_images/735889832229146625/tIqslMQB_normal.jpg"
"nighealthwatch","86","7","8.13953","Abuja, Nigeria","14888","https://pbs.twimg.com/profile_images/514342386982342656/WctVirXE_normal.png"
"JessicaTaaffe","91","4","4.3956","none","1646","https://pbs.twimg.com/profile_images/481643659537158144/Rp4AOCgi_normal.jpeg"
"ChourasiaRc","36","1","2.77778","none","64","https://pbs.twimg.com/profile_images/583319310019379201/4VgwK8YB_normal.jpg"
"UsaamaK","89","4","4.49438","London","1400","https://pbs.twimg.com/profile_images/752417332111310849/ZXTHu1zm_normal.jpg"
"dlSouthAfrican","100","1","1","none","1390","https://pbs.twimg.com/profile_images/559059042836819968/UMFDtKFl_normal.jpeg"
"wiwietrahma","100","5","5","none","269","https://pbs.twimg.com/profile_images/699084008685047808/D4nDwhG5_normal.jpg"
"GrassrootSoccer","90","1","1.11111","none","8539","https://pbs.twimg.com/profile_images/3153538578/dd4ad0a78725efb7fcb16de9f8370edf_normal.jpeg"
"10chaselane","100","6","6","Manhattan, NY","2163","https://pbs.twimg.com/profile_images/561622142677041152/u3VABqeK_normal.jpeg"
"lykzomgitsjako","71","1","1.40845","Illinois","252","https://pbs.twimg.com/profile_images/658665568602628100/EMXZBbkQ_normal.jpg"
"lutherisalegend","81","2","2.46914","UK","107","https://pbs.twimg.com/profile_images/678909817885499393/SaykUJIi_normal.jpg"
"Ubaidillah","100","12","12","Jakarta","610","https://pbs.twimg.com/profile_images/734344107447832578/maeTniz-_normal.jpg"
"siriuslyyellow","99","4","4.0404","New Jersey, USA","819","https://pbs.twimg.com/profile_images/378800000840018850/2b9b7d16aa5c485b0c2c7261cfc4329d_normal.jpeg"
"WHO_Europe_RHN","96","29","30.2083","Venice (Italy)","1691","https://pbs.twimg.com/profile_images/610783184234639360/v0SPopEH_normal.png"
"ka2wye","99","3","3.0303","Orchard Park, NY","397","https://pbs.twimg.com/profile_images/645300573491740672/-LAhmUDG_normal.png"
"netivistorg","100","23","23","Worldwide","6744","https://pbs.twimg.com/profile_images/431486765199675392/DK-5TDhD_normal.png"
"fittogive","73","1","1.36986","none","22","https://pbs.twimg.com/profile_images/671183894406762496/YKwrF5x__normal.jpg"
"vapers","99","4","4.0404","info@vapersinpower.co.uk","3770","https://pbs.twimg.com/profile_images/734350827134017536/Rz5hPEDQ_normal.jpg"
"Cigars_Life","99","3","3.0303","New York, NY","2506","https://pbs.twimg.com/profile_images/646197250192973824/bRyRewA5_normal.jpg"
"Panf57","100","5","5","none","95","https://pbs.twimg.com/profile_images/712966727865335808/GEbsnG_m_normal.jpg"
"pender_rob","100","2","2","New Jersey, USA","157","https://pbs.twimg.com/profile_images/730138861762805760/Rl165x2B_normal.jpg"
"DanielRaihani","100","1","1","Sydney","1038","https://pbs.twimg.com/profile_images/717369664146251776/3o5yd-AK_normal.jpg"
"cahamelmann","100","22","22","Venice, Veneto","522","https://pbs.twimg.com/profile_images/548858972535414784/_4dR0Ob4_normal.jpeg"
"luppi_n","100","6","6","none","242","https://pbs.twimg.com/profile_images/705420359277940736/gDYpLNQs_normal.jpg"
"Vapingit","81","2","2.46914","#Vaping Where I Am, Ohio","8804","https://pbs.twimg.com/profile_images/656282772839923712/zHf3KCFW_normal.jpg"
"bjemec","97","5","5.15464","London, England","2004","https://pbs.twimg.com/profile_images/565625648169750528/ceyL7Flh_normal.jpeg"
"smokerslogicksm","100","4","4","none","337","https://pbs.twimg.com/profile_images/551437016437518336/wsXMzRbr_normal.jpeg"
"RosannaFlammia","99","11","11.1111","none","191","https://pbs.twimg.com/profile_images/754550992948068357/j1lAThfe_normal.jpg"
"tLsFs","100","1","1","North London","574","https://pbs.twimg.com/profile_images/588477839277690880/g5QGjbrM_normal.jpg"
"CarrascalAlvaro","94","4","4.25532","none","348","https://pbs.twimg.com/profile_images/475969781829353473/h18G0I_q_normal.jpeg"
"AbandonSmoking","100","3","3","Newcastle","1057","https://pbs.twimg.com/profile_images/537078051943636992/s1fBLbQy_normal.jpeg"
"ehsanlatif15","100","8","8","Edinburgh, Scotland","42","https://pbs.twimg.com/profile_images/714845381914394624/wbERoMC-_normal.jpg"
"TriplePundit","100","1","1","SF & Global","43814","https://pbs.twimg.com/profile_images/465609811220889600/F7o-Mot7_normal.png"
"DaveWaffles777","100","3","3","Canada","146","https://pbs.twimg.com/profile_images/595090733775728640/_1co3dT0_normal.jpg"
"jyeh29","100","5","5","Philadelphia, PA","588","https://pbs.twimg.com/profile_images/378800000698211751/9ecf8284fa2e3fe6aaf32efdba9c4dbf_normal.jpeg"
"tobaccopiper","5","1","20","none","2","https://pbs.twimg.com/profile_images/751958114375700480/nAQkitUv_normal.jpg"
"fakehater","86","3","3.48837","The Dictatorship of CANADA","579","https://pbs.twimg.com/profile_images/683106358284124160/xMWRIWA6_normal.jpg"
"mihotep","77","2","2.5974","Unpaid Vaper and Advocate","2672","https://pbs.twimg.com/profile_images/655148940426252288/GUwmqGGL_normal.png"
"cigarweekly","99","2","2.0202","Coast to Coast and beyond!","4775","https://pbs.twimg.com/profile_images/61644567/cigarweeklylogo_normal.JPG"
"BigVapingNunga","100","3","3","none","967","https://pbs.twimg.com/profile_images/582331249705922560/g5bQ4Xsd_normal.jpg"
"tswan40","69","1","1.44928","Hilliard, OH","139","https://pbs.twimg.com/profile_images/709522333074120704/kHuMmNfq_normal.jpg"
"roosterado9","97","2","2.06186","Central Minnesota City, MN ","396","https://pbs.twimg.com/profile_images/663086525647732736/5mTgROXp_normal.jpg"
"cjm101560","89","7","7.86517","Pennsylvania, USA","553","https://pbs.twimg.com/profile_images/683278324693614592/6L6IUg_i_normal.jpg"
"KellyPediNp","71","3","4.22535","Houston, Texas","2466","https://pbs.twimg.com/profile_images/711246421232517120/My5AZX5B_normal.jpg"
"DiabesityChat","100","4","4","none","1748","https://pbs.twimg.com/profile_images/412325994834300928/XR0CC1Il_normal.jpeg"
"aafp","91","2","2.1978","Leawood, KS","23807","https://pbs.twimg.com/profile_images/519607926617436161/Iq97DFvf_normal.jpeg"
"AtelierDanko","85","5","5.88235","Ballarat Australia","1782","https://pbs.twimg.com/profile_images/542517164163354628/q2VtJ7zq_normal.jpeg"
"SmokersMatch","100","4","4","none","2350","https://pbs.twimg.com/profile_images/557544206508367872/jME8tt7N_normal.jpeg"
"ATFReporter","100","1","1","none","3","https://abs.twimg.com/sticky/default_profile_images/default_profile_1_normal.png"
"KurtPzrLehr","99","4","4.0404","none","640","https://pbs.twimg.com/profile_images/754169068811227136/Fywk_mS5_normal.jpg"
"BigTobaccoUS","16","2","12.5","none","74","https://pbs.twimg.com/profile_images/753436985348399104/Aiwe17Fg_normal.jpg"
"E_ResearchFDN","100","1","1","Dayton, OH","1559","https://pbs.twimg.com/profile_images/682298425619124225/yr39s9tV_normal.png"
"KillerCreams","100","1","1","#NOTBlowingSmoke","1713","https://pbs.twimg.com/profile_images/753466788990492672/DihhGe_1_normal.jpg"
"HalcyonVapors","100","1","1","California, USA","14864","https://pbs.twimg.com/profile_images/749753572632309760/75lSnX1I_normal.jpg"
"VapeLOL","100","3","3","Check out NOTBlowingSmoke.org","2324","https://pbs.twimg.com/profile_images/581680940411281408/oMqS7PAk_normal.jpg"
"vapeshops","100","1","1","We Support NOTBlowingSmoke.org","2510","https://pbs.twimg.com/profile_images/378800000222297998/7382b16af2ab19ea15464cfa28b8620b_normal.jpeg"
"VapePorn","100","2","2","SUPPORT  NOTBlowingSmoke.org","7224","https://pbs.twimg.com/profile_images/751438202775302144/8SySbd21_normal.jpg"
"MarkPillion","97","5","5.15464","USA","197","https://pbs.twimg.com/profile_images/444291459089309697/ytTOa15B_normal.jpeg"
"cdoug","96","5","5.20833","Ann Arbor, MI","495","https://pbs.twimg.com/profile_images/605206983843520513/g61frC5t_normal.jpg"
"galaxhokie","79","2","2.53165","Galax, VA","147","https://pbs.twimg.com/profile_images/487331944817229824/JIpPvA0n_normal.jpeg"
"TobaccoCo","90","3","3.33333","Lemoyne & Harrisburg PA","2587","https://pbs.twimg.com/profile_images/724777753317376000/z9iW2_Uh_normal.jpg"
"LetsKickSomeALS","96","6","6.25","Torrance, CA","20","https://abs.twimg.com/sticky/default_profile_images/default_profile_0_normal.png"
"siresbentley","98","5","5.10204","Austin, Texas","138","https://pbs.twimg.com/profile_images/494886760690638850/eq9QIv7Q_normal.jpeg"
"cacecar","97","4","4.12371","Canada","723","https://pbs.twimg.com/profile_images/699703627577884672/aPZjMvhN_normal.jpg"
"ThingsAboutGod","100","3","3","Click and LIKE our page below:","55538","https://pbs.twimg.com/profile_images/616632092139499521/G5Lmg9Ih_normal.jpg"
"LungAssociation","100","10","10","United States","34577","https://pbs.twimg.com/profile_images/728683744312365058/1_gX1Mrc_normal.jpg"
"tja7175","86","4","4.65116","Rhode Island, USA","678","https://pbs.twimg.com/profile_images/749281154306543616/TAcmkro8_normal.jpg"
"QuantumOdycy","100","8","8","none","1634","https://pbs.twimg.com/profile_images/604210387131703296/SViHR57D_normal.png"
"MonetCourt","100","1","1","Southern CA","7412","https://pbs.twimg.com/profile_images/472834250513715200/RvQ-qIa3_normal.jpeg"
"NewMindMirror","100","3","3","Los Angeles, CA","44264","https://pbs.twimg.com/profile_images/3188876016/8eb56d775de038b0405d02f247219500_normal.jpeg"
"AmyWYarsinske","100","4","4","Norfolk, Virginia","607","https://pbs.twimg.com/profile_images/2877482172/4a055bf6f2d2141ee206786aad71d589_normal.jpeg"
"TinCollector","100","1","1","Wells, Somerset, UK","32","https://pbs.twimg.com/profile_images/559383907129229313/raYJhb7j_normal.png"
"MPEriksen","93","5","5.37634","Atlanta","819","https://pbs.twimg.com/profile_images/425713688050278400/rpl-SdJZ_normal.jpeg"
"JChrisClark","95","7","7.36842","Frisco, Texas","103","https://pbs.twimg.com/profile_images/713483597697519618/uPRVwMkX_normal.jpg"
"rickfdez","86","6","6.97674","Pima County","69","https://pbs.twimg.com/profile_images/2354247029/t07ofk3yqqylwuz9jd5u_normal.png"
"MargieArnett","93","1","1.07527","Sunny Southern CA","4562","https://pbs.twimg.com/profile_images/753776427842035712/MxOcT6Zl_normal.jpg"
"McKonePat","100","3","3","none","89","https://pbs.twimg.com/profile_images/695820371438637056/jO64bUZf_normal.jpg"
"LordGanescha","100","7","7","none","177","https://pbs.twimg.com/profile_images/378800000817061672/92ca3abe0e8af4f4d4f35d51d02ab7c3_normal.jpeg"
"robynlyn_EE","22","2","9.09091","East Hampton New York ","240","https://pbs.twimg.com/profile_images/716335908333682688/29U6MASW_normal.jpg"
"Thomathon2","96","8","8.33333","none","577","https://pbs.twimg.com/profile_images/739517165292818432/kOE441Jm_normal.jpg"
"Timbo972","100","4","4","Earth and elsewhere","241","https://pbs.twimg.com/profile_images/97556205/worldpico_normal.png"
"michelzaffran","98","14","14.2857","Geneva, Switzerland","188","https://pbs.twimg.com/profile_images/739018617996595200/dqcudDIK_normal.jpg"
"Irina_IvanovAx","75","1","1.33333","Finland-Ruåtti","61","https://pbs.twimg.com/profile_images/651117930277572610/37Sm8U9i_normal.jpg"
"RotaryPMQWest","100","2","2","Port Macquarie","11","https://pbs.twimg.com/profile_images/742260847444033536/7IANo4uV_normal.jpg"
"EndPolioNowIT","80","3","3.75","none","42","https://pbs.twimg.com/profile_images/652634125292208129/pwSZvEAY_normal.jpg"
"ThoMaiAvi","93","1","1.07527","none","60","https://pbs.twimg.com/profile_images/378800000737098221/fa5b1ce252e097f544ff73d37b76406e_normal.jpeg"
"edgarkkis","99","6","6.06061","Santiago","268","https://pbs.twimg.com/profile_images/699991392265703424/cg_3NQVL_normal.png"
"ShiresRotary","95","3","3.15789","UK","77","https://pbs.twimg.com/profile_images/3664018738/2a6e45b2442e8b00c54e9dc441932292_normal.jpeg"
"rotary1260","100","4","4","none","3347","https://pbs.twimg.com/profile_images/378800000592816049/2a809852b77e6f25b42346add140b7fc_normal.jpeg"
"BornTooSoonKH","89","7","7.86517","Neonatal Unit Kingston ","866","https://pbs.twimg.com/profile_images/522153399048241152/XzImubXX_normal.jpeg"
"UNICEFAfg","100","7","7","Kabul","3058","https://pbs.twimg.com/profile_images/506695127977304064/6AEb2AFG_normal.jpeg"
"Moutasawer","100","7","7","Egypt","59","https://pbs.twimg.com/profile_images/643645692020412417/LZ9PcLJS_normal.jpg"
"CanEmbAFG","99","6","6.06061","Afghanistan, Kabul","2868","https://pbs.twimg.com/profile_images/531890261459103744/LOlkWTDs_normal.jpeg"
"movement0426","100","5","5","???? ??","27","https://pbs.twimg.com/profile_images/742699303974502401/3_Sn680h_normal.jpg"
"jgrebmeier8","100","1","1","RI District 5230","81","https://pbs.twimg.com/profile_images/378800000275060467/0873f7513ef71f6793f5fda0b156edf1_normal.jpeg"
"yaftab","100","4","4","UK","827","https://pbs.twimg.com/profile_images/669593700859707392/G9oMuhAx_normal.png"
"rose_galvao77","92","1","1.08696","Rio de Janeiro, Brasil","1156","https://pbs.twimg.com/profile_images/732422147239337987/4dRXsu0g_normal.jpg"
"RotaryNARC","92","5","5.43478","Newton Abbot, England","101","https://pbs.twimg.com/profile_images/684494982300995585/-ScHDd2U_normal.jpg"
"tcozee","99","1","1.0101","in the water","55","https://pbs.twimg.com/profile_images/605815486874419201/OpjNz0Cx_normal.jpg"
"melissawz","99","3","3.0303","none","3931","https://pbs.twimg.com/profile_images/648475176221302785/c6aW--8x_normal.jpg"
"00Nandu","73","6","8.21918","Seychelles","12","https://pbs.twimg.com/profile_images/598192455083757568/wm_0UXl8_normal.jpg"
"ClubRSMOficial","100","3","3","Santiago","472","https://pbs.twimg.com/profile_images/619427759928971264/GU-5Kc-C_normal.png"
"troysworldoffun","100","4","4","Colorado, USA","2677","https://pbs.twimg.com/profile_images/729629282012532737/3w5UmMfb_normal.jpg"
"Mikiuoj","29","2","6.89655","Korea","23","https://pbs.twimg.com/profile_images/1693159240/1247262248_normal.jpg"
"babyburgalooeo","39","1","2.5641","none","48","https://pbs.twimg.com/profile_images/523550170458243072/9C3RwRfD_normal.jpeg"
"mwJoeM061194","32","2","6.25","Narnia","35","https://pbs.twimg.com/profile_images/1699822989/1060550559_normal.jpg"
"MsBeautyGemtk","28","1","3.57143","EARTH!!","33","https://pbs.twimg.com/profile_images/1761093130/1052524955_normal.jpg"
"GPRotary","95","6","6.31579","Grand Prairie, Texas","83","https://pbs.twimg.com/profile_images/692810449377579008/FC54bUKV_normal.jpg"
"LeadWithRotary","91","3","3.2967","none","264","https://pbs.twimg.com/profile_images/635139470711369730/CV48sH9g_normal.jpg"
"CathyFarrow1","100","11","11","Central Okanagan J, British Columbia","286","https://pbs.twimg.com/profile_images/664550541750435840/M8_coqTZ_normal.jpg"
"Jouher","100","4","4","Manchester ","646","https://pbs.twimg.com/profile_images/542127841375047680/Whq_5C_t_normal.jpeg"
"SheenaBReeve","99","9","9.09091","Fife, Scotland","740","https://pbs.twimg.com/profile_images/539095022046818304/Js1njQIp_normal.jpeg"
"PSLeenheer","100","6","6","none","339","https://pbs.twimg.com/profile_images/682708815007973376/muYrfjRy_normal.jpg"
"haroonrahimi","96","3","3.125","?Toronto-Canada?","2471","https://pbs.twimg.com/profile_images/544317046839078912/iReRODmu_normal.jpeg"
"benjafieldhome","99","6","6.06061","none","32","https://pbs.twimg.com/profile_images/564786889174290432/VqLgnm0B_normal.jpeg"
"RotaryFairmont","100","1","1","Fairmont Holiday Inn","54","https://pbs.twimg.com/profile_images/649386472827580416/T6CNSdw2_normal.jpg"
"Haych_K","100","4","4","Luton,England & Rabat,Morocco","936","https://pbs.twimg.com/profile_images/709186659645067264/NNdFIjAT_normal.jpg"
"beatrizdiezfer1","98","4","4.08163","none","6","https://pbs.twimg.com/profile_images/738093799407226880/ar2nB_UX_normal.jpg"
"mundodsmandalas","100","1","1","Brasil","679","https://pbs.twimg.com/profile_images/578341654446354432/b2XeuEJG_normal.jpeg"
"imunizacaoMRJ","100","6","6","Rio de Janeiro, Brasil","53","https://pbs.twimg.com/profile_images/737970842290782208/TOYRKut3_normal.jpg"
"ks_1968","90","6","6.66667","none","212","https://pbs.twimg.com/profile_images/753684642759335936/fpVyCegJ_normal.jpg"
"GigerIris","42","2","4.7619","southlake","142","https://pbs.twimg.com/profile_images/703586596449230848/HTgA8ugb_normal.jpg"
"bmainou","77","4","5.19481","ATL","279","https://pbs.twimg.com/profile_images/3131241038/c9bc55aada9315de93d6fe3577a59653_normal.jpeg"
"angelique7878","98","1","1.02041","none","667","https://pbs.twimg.com/profile_images/712642482752856065/vcqxy5Ua_normal.jpg"
"yokemun_","79","1","1.26582","none","252","https://pbs.twimg.com/profile_images/744191829688475648/aezlLUeJ_normal.jpg"
"C_W_CruzCrew","90","5","5.55556","HYERES FRANCE","2454","https://abs.twimg.com/sticky/default_profile_images/default_profile_2_normal.png"
"dedewanda","100","2","2","Indonesia","85","https://pbs.twimg.com/profile_images/588713546726387712/AvR5Yxna_normal.jpg"
"VaksinBekasi","100","6","6","Jl. Semeru Jatimakmur","164","https://pbs.twimg.com/profile_images/715414668521529344/kKMGRYcY_normal.jpg"
"kenmacpherson","84","7","8.33333","USA","1524","https://pbs.twimg.com/profile_images/66733389/kenmacp2006corp_normal.gif"
"vipulgupta206","100","8","8","Delhi India","854","https://pbs.twimg.com/profile_images/633205375005786112/IEaOghTC_normal.jpg"
"MyActivism","95","7","7.36842","Worldwide","2347","https://pbs.twimg.com/profile_images/743276858981105664/lTYtsyXF_normal.jpg"
"gulli044","90","10","11.1111","Norway","396","https://pbs.twimg.com/profile_images/478632795515142144/v-dkD4Pr_normal.jpeg"
"mdeHummelchen","83","1","1.20482","Tief im Westen","547","https://pbs.twimg.com/profile_images/628533347334098944/v4RwkwYh_normal.jpg"
"Vicke_2011","85","1","1.17647","none","458","https://pbs.twimg.com/profile_images/623107478805295104/FAqucHBf_normal.png"
"WorldIsBlessed","100","5","5","Dilbeek, België","4024","https://pbs.twimg.com/profile_images/683838475775438848/nhaXG7KX_normal.png"
"lorelei3112","81","1","1.23457","Nederland","1990","https://pbs.twimg.com/profile_images/738277401101238272/eXiAtIoH_normal.jpg"
"Ttohiariki","85","1","1.17647","Mount Cook, Wellington City","219","https://pbs.twimg.com/profile_images/748466320128118784/sQczJIHX_normal.jpg"
"FlyingFeatherNL","100","5","5","Elst-Zuidwest, Overbetuwe","7579","https://pbs.twimg.com/profile_images/717670558209556480/Aek3q3NW_normal.jpg"
"thesismum","76","4","5.26316","European Union","1850","https://pbs.twimg.com/profile_images/3630355241/8fac3dd6433e6afadedbe098f855b196_normal.png"
"KentPage","100","6","6","UNICEF Headquarters New York","36718","https://pbs.twimg.com/profile_images/421267264088727552/4rsWMY0F_normal.jpeg"
"AlyaaMohd4","98","4","4.08163","none","517","https://pbs.twimg.com/profile_images/724299776544673792/BN-elp5N_normal.jpg"
"giuliatoaldo","100","2","2","Verona, Veneto","52","https://pbs.twimg.com/profile_images/734024643502350336/mZtiVsE6_normal.jpg"
"StainesRotary","59","1","1.69492","Staines","221","https://pbs.twimg.com/profile_images/748998538382733313/FogKjapD_normal.jpg"
"DrAmarMOH","94","4","4.25532","Malaysia","602","https://pbs.twimg.com/profile_images/688543465836154880/SEeC1IxD_normal.jpg"
"microBIOblog","97","1","1.03093","España","13119","https://pbs.twimg.com/profile_images/1675152699/Twitter_normal.jpg"
"Pezzapezzi","99","9","9.09091","Geneva, Switzerland","11913","https://pbs.twimg.com/profile_images/648118279253413888/0X6d0ZrU_normal.jpg"
"SorayaCastroLL","93","2","2.15054","Rep. Dominicana","209","https://pbs.twimg.com/profile_images/706566795759517696/rXUYmudH_normal.jpg"
"OwenKyffin","62","4","6.45161","Banbury, Oxfordshire","277","https://pbs.twimg.com/profile_images/1850255955/owenkyffinBWlowhres2_1__normal.jpg"
"RaniaWreikat","99","2","2.0202","UAE & Jordan","8096","https://pbs.twimg.com/profile_images/754060893441363968/Uh2AzWeg_normal.jpg"
"AlansAfrica","87","4","4.5977","Banbury Rotarian","580","https://pbs.twimg.com/profile_images/746039877461024768/biTG02ZW_normal.jpg"
"aschirripa63","100","3","3","Roma","1137","https://pbs.twimg.com/profile_images/459066338783539200/ORqqH0ZH_normal.jpeg"
"devbod","100","6","6","London","303","https://pbs.twimg.com/profile_images/260356047/____2_normal.jpg"
"zatonski","88","2","2.27273","London","258","https://pbs.twimg.com/profile_images/478484046830657536/Fm_Xql99_normal.jpeg"
"shab302611","99","9","9.09091","none","557","https://pbs.twimg.com/profile_images/520784814438227969/-DIznUDn_normal.jpeg"
"amritnidhi","61","2","3.27869","Patna (Bihar),India","699","https://pbs.twimg.com/profile_images/671661050039631873/eJ66LqPx_normal.jpg"
"Sugar_Daddy974","99","4","4.0404","Terre,Système Solaire,Univers","188","https://pbs.twimg.com/profile_images/526380534507634688/ttMBxtfk_normal.jpeg"
"gavi","97","10","10.3093","Geneva, Switzerland","48874","https://pbs.twimg.com/profile_images/552836904308060164/3AveVhqL_normal.jpeg"
"ans_ahmad","60","8","13.3333","none","21","https://pbs.twimg.com/profile_images/725520215090552833/dMb_JDJ1_normal.jpg"
"RotarianEClubsF","100","2","2","none","533","https://pbs.twimg.com/profile_images/378800000864655281/1C7GK0s-_normal.jpeg"
"cancerhealer","96","3","3.125","New Delhi,India","2043","https://pbs.twimg.com/profile_images/632252607159898113/gHBMF7g8_normal.png"
"Livin_as_Lauren","87","1","1.14943","ÜT: 36.981608,-86.458676","691","https://pbs.twimg.com/profile_images/749585235432640512/-eYPqj5L_normal.jpg"
"LADYGAGAFIRST","100","2","2","NEW YORK","186","https://pbs.twimg.com/profile_images/718783413357002753/kFNiL-F0_normal.jpg"
"just_betty5","76","2","2.63158","earth ","135","https://pbs.twimg.com/profile_images/430033412897132544/FLfk_22C_normal.jpeg"
"AnnilouH","75","4","5.33333","Bridgend, Wales","49","https://pbs.twimg.com/profile_images/752251806483382273/dWNXc9N0_normal.jpg"
"AmandaLourve","99","9","9.09091","Oregon, USA","2771","https://pbs.twimg.com/profile_images/734968127763533824/N8cE-WeD_normal.jpg"
"DidyDelaware","100","4","4","Voluntari, România","99","https://pbs.twimg.com/profile_images/677908103812263936/UtSrfB2D_normal.jpg"
"uso_bots","17","1","5.88235","none","22","https://pbs.twimg.com/profile_images/751284351321583617/YGklo1UA_normal.jpg"
"HHcsott","100","1","1","none","888","https://pbs.twimg.com/profile_images/723342989146218496/tl8BieZP_normal.jpg"
"naki_ta","100","1","1","none","551","https://pbs.twimg.com/profile_images/723548558251552769/LL28nMaP_normal.jpg"
"DShojiNakamoto","96","1","1.04167","Honolulu,Hawaii","1860","https://pbs.twimg.com/profile_images/798669272/new_cover2_8-12-06_normal.JPG"
"lilkauzi1","77","1","1.2987","Stafford, VA","838","https://pbs.twimg.com/profile_images/753081051174563840/vqNFVtdV_normal.jpg"
"FaisSabbin","100","2","2","none","684","https://pbs.twimg.com/profile_images/686163814870585345/n7LINVn6_normal.jpg"
"DpChamol","100","1","1","none","246","https://pbs.twimg.com/profile_images/724071550370996228/nHEI8Uun_normal.jpg"
"TMH07","83","2","2.40964","Brooklyn Park, MN","778","https://pbs.twimg.com/profile_images/732075516581183488/NgBT80TI_normal.jpg"
"StyleRug","84","3","3.57143","Worldwide","1326","https://pbs.twimg.com/profile_images/694809973298102272/nzy-McUN_normal.jpg"
"richardvdaaase","100","3","3","none","83","https://pbs.twimg.com/profile_images/750051626954686464/COMmXo2n_normal.jpg"
"NBRSCLAN","100","1","1","Washington, USA","1864","https://pbs.twimg.com/profile_images/732335871689523200/GYWyle2p_normal.jpg"
"newid7755","100","4","4","Bhuj, India","41","https://pbs.twimg.com/profile_images/754337639373869056/ifpndeKx_normal.jpg"
"NBRS_COMMANDER","99","11","11.1111","Washington, USA","22909","https://pbs.twimg.com/profile_images/740072921033375744/FK07WMcJ_normal.jpg"
"reslightingmag","100","2","2","Arlington Heights, IL","12849","https://pbs.twimg.com/profile_images/752585873070366720/3MCvWjCb_normal.jpg"
"DeborahMain","95","1","1.05263","Austin, Texas","4503","https://pbs.twimg.com/profile_images/696094172747464704/APx6Qzgt_normal.jpg"
"DianeTate","75","1","1.33333","Louisiana","4752","https://pbs.twimg.com/profile_images/597199635904532480/4ojXLBXt_normal.jpg"
"tkpleslie","77","1","1.2987","Houston, TX","34799","https://pbs.twimg.com/profile_images/688179205054439427/-v3bcZt8_normal.jpg"
"ChrisIronman","82","2","2.43902","Carlsbad, Ca","3546","https://pbs.twimg.com/profile_images/615737784385441792/mjyrTF1K_normal.jpg"
"mvflorentino","86","1","1.16279","Raleigh NC ","73","https://pbs.twimg.com/profile_images/2694956797/4d03608e6e8b439e7eb8ff405afbb12d_normal.jpeg"
"VantariLife","96","9","9.375","Irvine, CA & Tempe, AZ","444","https://pbs.twimg.com/profile_images/748905941639180288/2a41Yzdd_normal.jpg"
"md_mdavis","95","2","2.10526","Houston","120","https://pbs.twimg.com/profile_images/344513261583198350/58ae13a50e24608ef65a9ffe93daa95e_normal.jpeg"
"WaterhouseDan","68","2","2.94118","Fresno","303","https://pbs.twimg.com/profile_images/434765085236400128/8payppNb_normal.jpeg"
"rjrpka","98","10","10.2041","San Jose, California","98","https://pbs.twimg.com/profile_images/754807570/Rudy_J._Rodriguez_normal.jpg"
"allstreet_org","90","5","5.55556","London","6511","https://pbs.twimg.com/profile_images/559447122789928960/C1V3SP6y_normal.jpeg"
"Micbemac88","84","1","1.19048","Toronto, Ontario","723","https://pbs.twimg.com/profile_images/595811095715160064/15Lf4Ys4_normal.jpg"
"GiveForward","98","2","2.04082","Chicago","16118","https://pbs.twimg.com/profile_images/660126011116269568/piX32QBs_normal.png"
"Ohio_Digital","100","5","5","Cincinnati, OH","45708","https://pbs.twimg.com/profile_images/611271215043489792/SjnCSYnE_normal.png"
"Cowpow10","100","1","1","Everywhere","192","https://pbs.twimg.com/profile_images/1571501838/J_Iphone_pictures_2011_012_normal.jpg"
"NaturoMedicine","87","2","2.29885","Seattle, WA","1221","https://pbs.twimg.com/profile_images/737991265636257792/AVH9l60a_normal.jpg"
"BeeHouzz","100","1","1","Sussex, UK","3613","https://pbs.twimg.com/profile_images/628853075629985792/4cgTkkJh_normal.png"
"TeamVollkorn","100","3","3","none","888","https://pbs.twimg.com/profile_images/706216478715076608/Oy4HunGO_normal.jpg"
"prayag","97","1","1.03093","none","5143","https://pbs.twimg.com/profile_images/648484554748002304/2DzVrt7R_normal.jpg"
"BrewStudNo1","97","10","10.3093","Solidarity, USA","66260","https://pbs.twimg.com/profile_images/730511346681434113/SFVsFFRs_normal.jpg"
"ashleakey","85","5","5.88235","Sweet home Chicago??","365","https://pbs.twimg.com/profile_images/671383524293804032/EBDr3PfL_normal.jpg"
"downtowndawgz","96","1","1.04167","Rogers, AR","47","https://pbs.twimg.com/profile_images/621438590707347456/vumGnH2j_normal.jpg"
"LaurusProject","54","4","7.40741","none","20","https://pbs.twimg.com/profile_images/715919169481363457/QcY8YGUW_normal.jpg"
"CareAlineTweet","79","6","7.59494","Boston","1216","https://pbs.twimg.com/profile_images/2818604057/7ff358ddfae8de6bfe3c7898f903aa99_normal.jpeg"
"BrewStuds","99","6","6.06061","Cincinnati, OH","65394","https://pbs.twimg.com/profile_images/734846368762716160/aqDLX_yW_normal.jpg"
"blueflowersorg","88","1","1.13636","Visit ","840","https://pbs.twimg.com/profile_images/611165059159453698/OspvF0lH_normal.jpg"
"BirminghamDoula","65","2","3.07692","Birmingham UK","266","https://pbs.twimg.com/profile_images/738322197480112128/7kp2KcYY_normal.jpg"
"49letterstome","29","2","6.89655","The United States","245","https://pbs.twimg.com/profile_images/696099592970989568/jM04PhtO_normal.jpg"
"nursephillips","39","1","2.5641","Colorado","178","https://pbs.twimg.com/profile_images/530469358179328000/nJLPXkZI_normal.jpeg"
"UMCancerCenter","97","1","1.03093","Ann Arbor, MI","2113","https://pbs.twimg.com/profile_images/378800000828791245/60e8799aa60792396d87f70e645cd1d8_normal.png"
"DiazBannister","91","3","3.2967","none","103","https://pbs.twimg.com/profile_images/690971038344044544/MjJ3XNLA_normal.jpg"
"Fr4ncis","93","2","2.15054","Montreal","1044","https://pbs.twimg.com/profile_images/676867481705779200/29fT-lzW_normal.jpg"
"CCSPtbo","78","2","2.5641","Peterborough, Ontario","1939","https://pbs.twimg.com/profile_images/2244198626/373309_95559007205_2090521348_n_normal.jpg"
"_HajiraKhan","98","5","5.10204","United Kingdom","27","https://pbs.twimg.com/profile_images/746867491306094593/w0kTqMeF_normal.jpg"
"IKCAUK","98","3","3.06122","Bradford, UK","565","https://pbs.twimg.com/profile_images/3575097739/cb21a44ac7937e873e0e5e63f470e4d6_normal.jpeg"
"ann_williams555","15","1","6.66667","Guwahati, Assam, India","66","https://pbs.twimg.com/profile_images/749947355391143936/NgYG5cbl_normal.jpg"
"joshpena14","100","4","4","TX","3724","https://pbs.twimg.com/profile_images/599279108808314881/u8YxUX4P_normal.jpg"
"Caroline_Keech","100","2","2","Bridgend","615","https://pbs.twimg.com/profile_images/740965920873517056/I6m8-5nS_normal.jpg"
"firestormtitch","47","3","6.38298","Ontario, Canada","18","https://pbs.twimg.com/profile_images/747935531066077184/x0ntQ2o6_normal.jpg"
"SaveTheCord","88","2","2.27273","Worldwide","2314","https://pbs.twimg.com/profile_images/632589677858562048/Ez7sLCp__normal.jpg"
"MakingCharity","100","5","5","International","2231","https://pbs.twimg.com/profile_images/706096173245964288/N_Us_N-0_normal.jpg"
"area22CRUK","95","5","5.26316","Rhondda Valleys","1073","https://pbs.twimg.com/profile_images/744908532173119488/utXRHq06_normal.jpg"
"MedTours_Africa","93","3","3.22581","Zimbabwe","132","https://pbs.twimg.com/profile_images/585986060267560961/hoywI0RE_normal.jpg"
"PremiseJobs","100","2","2","none","493","https://pbs.twimg.com/profile_images/702600519643103232/Rb7n5Con_normal.jpg"
"amauriscuetoRD","100","2","2","San Pedro de Macorís","4209","https://pbs.twimg.com/profile_images/747440561649442818/K358_me9_normal.jpg"
"tmj_rip_health","100","1","1","Providence, RI","533","https://pbs.twimg.com/profile_images/690202918453030912/K3bHIrQ9_normal.jpg"
"eileenp65","92","4","4.34783","Hudson Valley, NY","395","https://pbs.twimg.com/profile_images/652662443005595648/deYjhbxe_normal.jpg"
"weight_emilie","100","2","2","Lyon, France","254","https://pbs.twimg.com/profile_images/720296220019699712/uXVcqrlk_normal.jpg"
"EFreightLogi","100","1","1","UK","288","https://pbs.twimg.com/profile_images/750729629225328640/0wfKooxl_normal.jpg"
"doctorawosusi","100","19","19","Abuja","1820","https://pbs.twimg.com/profile_images/656227014723182592/NVub5yFc_normal.jpg"
"arban70","93","2","2.15054","Queensland, Australia","1069","https://pbs.twimg.com/profile_images/746240005706653696/UlHKyivJ_normal.jpg"
"tmj_msp_health","100","1","1","St. Paul, MN","522","https://pbs.twimg.com/profile_images/669526518243061761/dRpe8BFm_normal.jpg"
"LuvChesterfield","100","4","4","Chesterfield, England","3409","https://pbs.twimg.com/profile_images/636545741700378624/kMw80wzr_normal.jpg"
"littleredblog","80","4","5","Toledo Detroit","8331","https://pbs.twimg.com/profile_images/754236144183832576/pk4dBUCX_normal.jpg"
"arzillion","100","1","1","Washington DC Metro Area","593","https://pbs.twimg.com/profile_images/678859022175371264/HOwswc1Y_normal.png"
"NoMoreGuff","96","3","3.125","Charleston, SC","6983","https://pbs.twimg.com/profile_images/2314853692/image_normal.jpg"
"tmj_tpa_health","100","1","1","Tampa Bay, FL","620","https://pbs.twimg.com/profile_images/667930901804814337/CiHxwjRT_normal.jpg"
"AaglaweRaj","98","4","4.08163","Pune, India","11","https://pbs.twimg.com/profile_images/690506427509542916/zrhMi7HB_normal.jpg"
"asdfghjesh","95","1","1.05263","Republic of the Philippines","340","https://pbs.twimg.com/profile_images/754677727463022592/xe811OJ3_normal.jpg"
"AmysAmerica","96","4","4.16667","Boston ","659","https://pbs.twimg.com/profile_images/598968038336045056/8r0dA0un_normal.jpg"
"Manicdj99","58","4","6.89655","The Milky Way","454","https://pbs.twimg.com/profile_images/712786593753378816/8I3KcU1s_normal.jpg"
"NCICancerStats","100","2","2","Bethesda, MD","3490","https://pbs.twimg.com/profile_images/615889862290481152/PUcc0OwH_normal.png"
"simi_alfred","100","8","8","Federal Capital Territory, Nigeria","984","https://pbs.twimg.com/profile_images/753927221446860800/8V0f61CX_normal.jpg"
"eazybreezy__","99","5","5.05051","with daddy ??","682","https://pbs.twimg.com/profile_images/753693558293536768/UpWKYCAJ_normal.jpg"
"ccancersignn","100","7","7","New York
","1292","https://pbs.twimg.com/profile_images/580656105669394432/HTIqebnG_normal.jpg"
"ContempOncology","26","2","7.69231","none","7","https://pbs.twimg.com/profile_images/734428617954996232/qbFdwbrL_normal.jpg"
"MinhoHannah","82","2","2.43902","Wolverhampton, England","1296","https://pbs.twimg.com/profile_images/728601455662243841/zHn1ZP1x_normal.jpg"
"coach4nutrition","96","3","3.125","Wellesley, MA","121","https://pbs.twimg.com/profile_images/470345925315948544/X9uw-M1f_normal.jpeg"
"maryharding28","85","6","7.05882","Home Base:  Texas","918","https://pbs.twimg.com/profile_images/743997634361196544/eBcBv3b7_normal.jpg"
"101cancer_care","100","2","2","United States","2028","https://pbs.twimg.com/profile_images/556143738175512576/LpLY-hiB_normal.jpeg"
"k_asabere","85","4","4.70588","none","40","https://pbs.twimg.com/profile_images/730540053798227970/0HETglEk_normal.jpg"
"andeee_erv","100","3","3","Connecticut, USA","21","https://pbs.twimg.com/profile_images/743376440129953792/Dsv3Q8YH_normal.jpg"
"BuyCheap2Day","100","1","1","none","185","https://pbs.twimg.com/profile_images/754127406915477504/h0fVXWdI_normal.jpg"
"gollwitzer","100","4","4","Munich, Germany","1174","https://pbs.twimg.com/profile_images/665239570435436545/rsbZLZ0X_normal.jpg"
"riccardomar","97","3","3.09278","glasgow","1420","https://pbs.twimg.com/profile_images/558627898358112256/YzxVzTkR_normal.jpeg"
"thegodkane","97","4","4.12371","Dallas, TX","1276","https://pbs.twimg.com/profile_images/746050438097575936/5GZSQb5s_normal.jpg"
"SteveWanga","100","3","3","Nairobi, Kenya","8090","https://pbs.twimg.com/profile_images/735422644305203201/Rs_Kjitx_normal.jpg"
"xKayZayx","99","1","1.0101","none","369","https://pbs.twimg.com/profile_images/753882173946691584/YrYMe3eE_normal.jpg"
"SHODAN_BOT","99","3","3.0303","none","207","https://pbs.twimg.com/profile_images/520753312660869121/aYQzYPqo_normal.jpeg"
"lyss_gabrielle","95","3","3.15789","none","973","https://pbs.twimg.com/profile_images/678098712946540544/CpkFvYhF_normal.jpg"
"Almighty_22","72","3","4.16667","Philly","842","https://pbs.twimg.com/profile_images/750093405330481153/4FX7o7Su_normal.jpg"
"hay2wice","97","2","2.06186","somewhere catching pikachu","341","https://pbs.twimg.com/profile_images/753068210434351104/tvMdPo-o_normal.jpg"
"TheMelaninPlug","100","4","4","none","39997","https://pbs.twimg.com/profile_images/626214096988446720/_hINJNbo_normal.jpg"
"Wiz_Khaleesha3","77","1","1.2987","Central Florida, USA","289","https://pbs.twimg.com/profile_images/754188692655341568/EI-8rFTp_normal.jpg"
"StamfordEndoCtr","100","6","6","Stamford, CT","96","https://pbs.twimg.com/profile_images/527449799302184961/i91M0WVC_normal.jpeg"
"VernersViews","93","6","6.45161","Skipton, Yorkshire, UK ","2670","https://pbs.twimg.com/profile_images/3051470675/50cd278b671583259cab56f848404563_normal.jpeg"
"6state","67","4","5.97015","United States","3077","https://pbs.twimg.com/profile_images/663776943817388032/siyEVOSP_normal.jpg"
"shipoopijr","100","9","9","planet earth","144","https://pbs.twimg.com/profile_images/749439447964549126/GtnR8Yhg_normal.jpg"
"CancerSocietyMV","98","4","4.08163","Maldives. Tel: 7505500","639","https://pbs.twimg.com/profile_images/721329838200647680/79xbsbbU_normal.jpg"
"Tjay_cocaine","95","5","5.26316","none","147","https://pbs.twimg.com/profile_images/498485493026553856/nHouvQnG_normal.jpeg"
"AdrianTherine","100","4","4","Georgia, USA","15","https://pbs.twimg.com/profile_images/749191656264437760/kytWAhzj_normal.jpg"
"CICS_DR_MARQUEZ","42","1","2.38095","Washington, USA","218","https://pbs.twimg.com/profile_images/744608376064086016/TxaJQNwZ_normal.jpg"
"LifespanIO","96","5","5.20833","New York, USA","5110","https://pbs.twimg.com/profile_images/478206594035904512/w-kvC5t4_normal.jpeg"
"RaggaGudmund","97","1","1.03093","Home Is Where My ? Is","216","https://pbs.twimg.com/profile_images/580067554833514496/PFT1bOFI_normal.jpg"
"LeCygne23","99","5","5.05051","UK","694","https://pbs.twimg.com/profile_images/378800000020672528/20fefa74d67455efbee09d88ccfb15f5_normal.jpeg"
"CMichaelMcLeod","97","2","2.06186","Jacksonville, Florida","390","https://pbs.twimg.com/profile_images/753270550298886144/3ccKNx2-_normal.jpg"
"DNABARCODE","99","4","4.0404","new york","35548","https://pbs.twimg.com/profile_images/471112065151545344/_ou9fWtf_normal.jpeg"
"SperlingMD","100","6","6","New York, NY","91","https://pbs.twimg.com/profile_images/378800000045151642/717cd4c120dc660313e3530864b64b5d_normal.png"
"KGPatrice","93","3","3.22581","Westchester, NY","110","https://pbs.twimg.com/profile_images/502034065303015424/lW24j125_normal.jpeg"
"maizing2","91","5","5.49451","Guatemala","3719","https://pbs.twimg.com/profile_images/749403274021728256/2uv5fDId_normal.jpg"
"FostaMikeX","100","5","5","none","524","https://pbs.twimg.com/profile_images/670967810512687104/TvD2Ip_W_normal.jpg"
"jurup","91","8","8.79121","Copenhagen","1383","https://pbs.twimg.com/profile_images/108823173/urban_normal.jpg"
"AbhinavJha83","88","2","2.27273","Baltimore, MD","59","https://pbs.twimg.com/profile_images/630139820958879744/OsAwS3QT_normal.jpg"
"skeetarie","78","2","2.5641","Texas, USA","59","https://pbs.twimg.com/profile_images/1182769924/ednamode4_normal.JPG"
"hseservice","100","7","7","Koothattukulam/Elanji","299","https://pbs.twimg.com/profile_images/1289908997/HSESERVICELOGO_normal.JPG"
"pjtouareg","100","3","3","Cairns, Australia","6925","https://pbs.twimg.com/profile_images/738880428984000512/k_2norhv_normal.jpg"
"SHEQsoul","100","7","7","South Africa","102","https://pbs.twimg.com/profile_images/631509725008515072/lxCgkKDk_normal.jpg"
"OhhChrist","99","8","8.08081","Santa Monica Ca.","1265","https://pbs.twimg.com/profile_images/1222393179/87606619_normal.jpg"
"beeza32","100","9","9","none","7398","https://pbs.twimg.com/profile_images/733349727065014272/cHu3T2ui_normal.jpg"
"RogerBezanis","84","4","4.7619","Ventura, California","477189","https://pbs.twimg.com/profile_images/590476877610950657/vFH1buXp_normal.jpg"
"leenakorpinen","100","2","2","Tampere, Suomi","1511","https://pbs.twimg.com/profile_images/735029695914332160/QEyiqxfB_normal.jpg"
"Hogtown","100","5","5","T.O","633","https://pbs.twimg.com/profile_images/116044670/dc3_normal.jpg"
"fiqqachan","98","2","2.04082","KUL - KCH","1431","https://pbs.twimg.com/profile_images/738010405243518977/tFDZAWLo_normal.jpg"
"nurse2103","97","7","7.2165","none","1631","https://pbs.twimg.com/profile_images/2812948304/8c16ebfae2926d4ed6e695871bb72a8f_normal.jpeg"
"Sir_Health","100","7","7","Cicero, IL","2037","https://pbs.twimg.com/profile_images/613559190699819008/RAPPMZ6e_normal.jpg"
"LatinGobalAC","100","1","1","none","90","https://pbs.twimg.com/profile_images/697295554502504448/wF5R7f_9_normal.jpg"
"kristinah798","87","4","4.5977","none","163","https://pbs.twimg.com/profile_images/733890677818294272/BJ9jxxL2_normal.jpg"
"Bid13OK","100","2","2","Oklahoma","76","https://pbs.twimg.com/profile_images/428620171779928065/84lfJLVm_normal.png"
"AlexisCory","98","6","6.12245","Miami, New York, PR","4534","https://pbs.twimg.com/profile_images/827503293/alexis_HEAD_SHOT_normal.jpg"
"taylor_tlb","31","1","3.22581","the canada/idaho border","576","https://pbs.twimg.com/profile_images/695661486946000896/8RKsnOCG_normal.jpg"
"fuckyouforthe1","100","2","2","Waterbury, CT","74","https://pbs.twimg.com/profile_images/753424332752289793/eIwbWK4I_normal.jpg"
"DeniseRamsey1","70","6","8.57143","Philadelphia, PA","204","https://pbs.twimg.com/profile_images/744366525239332864/8wQjMjDR_normal.jpg"
"Perthera","96","3","3.125","McLean, VA","2306","https://pbs.twimg.com/profile_images/378800000727759903/e3d4e8046690dea24af3cdf0f01e759d_normal.jpeg"
"UlsterUniBiomed","99","10","10.101","N.Ireland, UK","1357","https://pbs.twimg.com/profile_images/524175663377293314/h9dJuGSr_normal.png"
"MogulAzam","98","1","1.02041","NYC","580","https://pbs.twimg.com/profile_images/1812559498/admire-gray_logo_normal.jpg"
"krystlenolte","99","8","8.08081","none","610","https://pbs.twimg.com/profile_images/739170587323576325/sYuS54Sa_normal.jpg"
"CBSLabs","99","3","3.0303","Florida, USA","275","https://pbs.twimg.com/profile_images/614495543478190080/A8QuFLwr_normal.png"
"mtmdphd","98","1","1.02041","Milwaukee, WI","12189","https://pbs.twimg.com/profile_images/2638189364/9a817b84e5879a81121e476303368366_normal.png"
"sengupso","100","1","1","none","177","https://pbs.twimg.com/profile_images/753650913802383361/BzvbS5-z_normal.jpg"
"ashp714","100","2","2","Rolla, MO","471","https://pbs.twimg.com/profile_images/378800000470779929/15a43d3cc2eab7672a96489f2860805e_normal.jpeg"
"sejadiMD","97","3","3.09278","Scottsdale, Arizona","228","https://pbs.twimg.com/profile_images/508415747467382784/uQtyO3yu_normal.jpeg"
"WUSTLphs","100","4","4","St Louis, MO","255","https://pbs.twimg.com/profile_images/638741955627773952/1b9aNzpz_normal.jpg"
"NCIprevention","100","6","6","none","41265","https://pbs.twimg.com/profile_images/615546736971399168/EJ0ePult_normal.png"
"jennsueb","86","2","2.32558","FL","1213","https://pbs.twimg.com/profile_images/1652223955/0370878d-59d7-4f0a-808d-b8a2dbb5caeb_normal.png"
"Cornejovalle","94","2","2.12766","Barcelona y Santiago de Chile","2065","https://pbs.twimg.com/profile_images/378800000474791431/2786d7d1c917f382134b4ed60caf4d19_normal.jpeg"
"sudeshinsan715","92","67","72.8261","kanjhawala block ,delhi","69","https://pbs.twimg.com/profile_images/742761482736263168/F5nukiX2_normal.jpg"
"ZibbyZ","83","4","4.81928","San Francisco, California","1766","https://pbs.twimg.com/profile_images/621584795642933248/aCfwfCa7_normal.jpg"
"SpiritualLove","100","13","13","none","6502","https://pbs.twimg.com/profile_images/557513641902096384/mcDq1lC__normal.jpeg"
"grandted212","100","2","2","Inwood, Manhattan","2518","https://pbs.twimg.com/profile_images/754678698406805505/ae1znvIy_normal.jpg"
"Hajar92Hajar","97","2","2.06186","none","147","https://pbs.twimg.com/profile_images/519111297166614528/1H1dHFgS_normal.jpeg"
"MaddisStevenson","100","4","4","none","691","https://pbs.twimg.com/profile_images/566721642907201537/V-GXiegA_normal.jpeg"
"traceyash","99","49","49.4949","LONDON","1557","https://pbs.twimg.com/profile_images/582634819538014208/6CTnfjQI_normal.jpg"
"Afshaann","66","1","1.51515","London","371","https://pbs.twimg.com/profile_images/754345036809170944/fLiKU3-X_normal.jpg"
"alexislexiyap","100","6","6","none","40","https://pbs.twimg.com/profile_images/754482741622689792/0lmHhq2s_normal.jpg"
"PrettyIsland468","100","6","6","none","218","https://pbs.twimg.com/profile_images/749312182907703296/Gv7pAyoi_normal.jpg"
"JusCallMeeeeMOE","99","4","4.0404","Building My Queendom","803","https://pbs.twimg.com/profile_images/754525328446361600/aJkq58Tf_normal.jpg"
"Shakeela_M","89","3","3.37079","London, England","510","https://pbs.twimg.com/profile_images/751867485893394432/myWWlA1Z_normal.jpg"
"inhalethisjay","65","1","1.53846","South Florida ","1190","https://pbs.twimg.com/profile_images/696072126135209984/kDPBh1tg_normal.jpg"
"Lookupcolorado2","100","15","15","Colorado","581","https://pbs.twimg.com/profile_images/734414682501435392/IR38X73y_normal.jpg"
"bhupinderinsan8","100","5","5","Tohana, Haryana","226","https://pbs.twimg.com/profile_images/698835319756623872/F7CSk5oh_normal.jpg"
"elivated1","86","5","5.81395","none","210","https://pbs.twimg.com/profile_images/627334138496987137/W_vUwbNq_normal.jpg"
"snapdGeorgina","100","1","1","Georgina, ON","551","https://pbs.twimg.com/profile_images/378800000535147162/a247c7943cf19257b17f2b5832a8dc02_normal.png"
"Kal1_Furies","87","4","4.5977","Where Im meant to be","1883","https://pbs.twimg.com/profile_images/727011420395589632/7FZ7Va_P_normal.jpg"
"Smattfooyb","98","8","8.16327","California","241","https://pbs.twimg.com/profile_images/696435366916550656/6t8iitej_normal.jpg"
"sharmagurpreet3","100","84","84","Bathinda","16","https://pbs.twimg.com/profile_images/753272165219250176/c5-7Mxb8_normal.jpg"
"CRF111","90","5","5.55556","U.S.A.","7859","https://pbs.twimg.com/profile_images/1283977423/CRF.T.11.PNG_normal.png"
"Nadine_Ingle","76","2","2.63158","East Anglia","2514","https://pbs.twimg.com/profile_images/738950998547386368/ULayYWvg_normal.jpg"
"SummerSarona","83","4","4.81928","none","457","https://pbs.twimg.com/profile_images/704995665013657601/8jjJtunT_normal.jpg"
"Wildflower_80","96","4","4.16667","Reigate, Surrey","2271","https://pbs.twimg.com/profile_images/749916329243709441/Xfega0Ct_normal.jpg"
"katesmullen","100","14","14","none","55","https://pbs.twimg.com/profile_images/378800000564733725/f67dfdb816afcf1f918a42f4de86dfd8_normal.jpeg"
"RobertItalia","93","3","3.22581","Minnetonka, MN","8424","https://pbs.twimg.com/profile_images/624235030278205440/ra6TK2Lv_normal.jpg"
"sakshisharma852","82","24","29.2683","New Delhi, India","25","https://pbs.twimg.com/profile_images/754268148698865664/8wGukVZn_normal.jpg"
"Insan15Simran","97","37","38.1443","Gurgaon, India","107","https://pbs.twimg.com/profile_images/703047088087519234/N-JpcXjt_normal.jpg"
"advocate4MH","76","4","5.26316","none","84","https://pbs.twimg.com/profile_images/752680979957821440/rGEYEmWT_normal.jpg"
"Menrights2015","100","11","11","none","98","https://pbs.twimg.com/profile_images/661535627729498112/Nzp2BXX7_normal.jpg"
"sam_ill","59","1","1.69492","none","437","https://pbs.twimg.com/profile_images/520635703844425728/xOR3yPH__normal.jpeg"
"WIAMGLOBAL","96","4","4.16667","Michigan, USA","516","https://pbs.twimg.com/profile_images/715731949248184321/ty4vn75H_normal.jpg"
"meenakshigarg14","64","20","31.25","Gurgaon","3960","https://pbs.twimg.com/profile_images/751791980686999552/mgaTvH-l_normal.jpg"
"fox2deena","82","1","1.21951","Fox 2","16446","https://pbs.twimg.com/profile_images/730205967304925184/MWsX1WxF_normal.jpg"
"RuglenReformer","97","10","10.3093","Central Quay, Glasgow","2373","https://pbs.twimg.com/profile_images/378800000730197538/4bdef0ce363d09e02f76cb9b271c997c_normal.png"
"hottamaletrail","99","6","6.06061","West Coast, USA","118","https://pbs.twimg.com/profile_images/2207367111/elephant-trio-etosha-national-park_48281_990x742_normal.jpg"
"VivForde","50","1","2","Cork, Ireland","458","https://pbs.twimg.com/profile_images/752646741250469888/IpW2duIR_normal.jpg"
"imrana_g","97","3","3.09278","none","338","https://pbs.twimg.com/profile_images/610383039957442560/4aAT4OP9_normal.jpg"
"CitrusCreations","22","4","18.1818","United Kingdom","1008","https://pbs.twimg.com/profile_images/726832440745033732/paQMFHGC_normal.jpg"
"BillCllr","94","5","5.31915","none","540","https://pbs.twimg.com/profile_images/504335656945201152/Vpec2MSd_normal.jpeg"
"upliftcredit","92","2","2.17391","Texas, USA","42","https://pbs.twimg.com/profile_images/746207192798232578/wzGP54kp_normal.jpg"
"onnienye","93","3","3.22581","Salisbury MD","182","https://pbs.twimg.com/profile_images/732744619918757889/V8wzD8sK_normal.jpg"
"TRiOACHiEVESU","97","5","5.15464","Salisbury, Maryland","178","https://pbs.twimg.com/profile_images/701450549829378049/jrOXkXHp_normal.png"
"K_G_Spearpoint","87","5","5.74713","Hertfordshire, UK","1628","https://pbs.twimg.com/profile_images/548560137238360065/UixTxYby_normal.jpeg"
"seanhinolan_","63","1","1.5873","South, Metro Manila ","431","https://pbs.twimg.com/profile_images/695244917128298498/190I9MMY_normal.jpg"
"JaniceHaddon","96","3","3.125","London","224","https://pbs.twimg.com/profile_images/634034012575678464/8Mqlx_pT_normal.jpg"
"ThriveInLife360","96","3","3.125","UK","8763","https://pbs.twimg.com/profile_images/693073707338702849/qEy8m2LC_normal.jpg"
"ceinwen_owen","100","3","3","none","6","https://abs.twimg.com/sticky/default_profile_images/default_profile_6_normal.png"
"uncleprober","95","11","11.5789","Glasgow","580","https://pbs.twimg.com/profile_images/750810000889634816/iZlaPX-X_normal.jpg"
"kaashley54","29","1","3.44828","none","292","https://pbs.twimg.com/profile_images/436237906584555520/ilKexDoe_normal.jpeg"
"frog338","97","4","4.12371","Swadlincote","120","https://pbs.twimg.com/profile_images/689164164242210816/vCl7wzXn_normal.jpg"
"giasison","61","2","3.27869","Manila, Philippines","11193","https://pbs.twimg.com/profile_images/703440730514018304/SgFfbxJu_normal.jpg"
"llusnewo","66","3","4.54545","Wales","148","https://pbs.twimg.com/profile_images/592252976410001408/WlXFG5D4_normal.jpg"
"Dallasuk","55","1","1.81818","Nottingham England","1115","https://pbs.twimg.com/profile_images/744914193015574528/IzTPnO97_normal.jpg"
"M00n_St4rs","95","6","6.31579","Near Birmingham -unfortunately","2022","https://pbs.twimg.com/profile_images/749721040457261056/7AVzFoxf_normal.jpg"
"BluebirdCareSun","98","9","9.18367","Sunderland","731","https://pbs.twimg.com/profile_images/551131397276971008/w5iProxi_normal.jpeg"
"londondavey","67","2","2.98507","London/LA/Torrevieja Spain","8839","https://pbs.twimg.com/profile_images/753299221193822208/u_FzRCK6_normal.jpg"
"raimortlat86","33","1","3.0303","Nebraska, USA","8","https://pbs.twimg.com/profile_images/752526351157096448/N6x3B1KI_normal.jpg"
"GReubenson","100","3","3","Sandton, South Africa","175","https://pbs.twimg.com/profile_images/1912715349/Profile_Pic_normal.jpg"
"perryblair59","100","9","9","Manchester, England","14","https://pbs.twimg.com/profile_images/753196810378838016/vWfKJIrP_normal.jpg"
"rccgpowerhouse","100","2","2","Gbagada, Lagos, Nigeria","385","https://pbs.twimg.com/profile_images/716365273251446785/6QzfnqWp_normal.jpg"
"kendra417","85","6","7.05882","bk","54","https://pbs.twimg.com/profile_images/713476196768616448/NF5WCCVR_normal.jpg"
"QLDMH","100","9","9","none","852","https://pbs.twimg.com/profile_images/598567173120921600/PYOAbwrZ_normal.jpg"
"Weemummyemma","87","9","10.3448","Morecambe England ","213","https://pbs.twimg.com/profile_images/747890384605315074/91_Zsslp_normal.jpg"
"brianhashtag","96","2","2.08333","East Kilbride, Scotland","261","https://pbs.twimg.com/profile_images/742362653599891456/Onm9A16b_normal.jpg"
"RachelMcPatrick","99","1","1.0101","Leeds","675","https://pbs.twimg.com/profile_images/742139259981828096/rXaepxui_normal.jpg"
"ParkpharmacyN4","100","2","2","Finsbury Park, London, UK","120","https://pbs.twimg.com/profile_images/751544731713372161/1aNrZEcu_normal.jpg"
"AmandaJaneWilde","44","1","2.27273","KZN GP WC EC NW MP FS LP NC BW","1261","https://pbs.twimg.com/profile_images/717775135827165184/N86-wj49_normal.jpg"
"_Jason_Harmon","53","2","3.77358","Palm Springs to GCU","743","https://pbs.twimg.com/profile_images/745835453388054528/RpOR3syn_normal.jpg"
"luckychan","39","4","10.2564","none","117","https://pbs.twimg.com/profile_images/259999606/ravenclaw_normal.gif"
"killinTheGame9","94","11","11.7021","United States","199","https://pbs.twimg.com/profile_images/749932298791944192/098vAaEV_normal.jpg"
"whippe000","99","6","6.06061","stockton calif.","57","https://abs.twimg.com/sticky/default_profile_images/default_profile_4_normal.png"
"HypebuzzBeauty","100","4","4","Lekki, Nigeria","452","https://pbs.twimg.com/profile_images/753497849321627648/SduZx4g2_normal.jpg"
"CPFT_Triangle","100","7","7","Cambridgeshire & Peterborough","225","https://pbs.twimg.com/profile_images/621293299505233920/EH3DUBbk_normal.jpg"
"richmondgpooh","99","3","3.0303","Richmond, UK","511","https://pbs.twimg.com/profile_images/679316802468487168/lgFSZvT7_normal.jpg"
"BeatrizWillough","100","5","5","none","371","https://pbs.twimg.com/profile_images/527423584373731328/bClFOmlk_normal.jpeg"
"PatriceKiraly","100","4","4","none","617","https://pbs.twimg.com/profile_images/527426987359363072/PJPcm8UO_normal.jpeg"
"ranaalikash","100","3","3","World","418","https://pbs.twimg.com/profile_images/716843101235576833/EEBEPFA0_normal.jpg"
"jorgeaalvarez81","71","2","2.8169","Austin, TX","100","https://pbs.twimg.com/profile_images/623619575599493121/ImASyFXS_normal.jpg"
"tomsolo45","100","5","5","Los Angeles","2450","https://pbs.twimg.com/profile_images/3036545700/cc1355bfd20b7bcfe9d161dc2c6c0497_normal.jpeg"
"DouglasDickie1","64","6","9.375","Glasgow","900","https://pbs.twimg.com/profile_images/746877494071074816/RdPD6OHT_normal.jpg"
"tdlchimneysweep","21","2","9.52381","South Oxon, Berks & Bucks","16","https://pbs.twimg.com/profile_images/731429278777282566/CE2IUTTk_normal.jpg"
"svtlndejesus","88","4","4.54545","Laguna, PH","534","https://pbs.twimg.com/profile_images/752818252422615046/ZgSZCuYK_normal.jpg"
"ryleecats","92","3","3.26087","with y(our) dogs","83","https://pbs.twimg.com/profile_images/747242692069957632/o0tsQASs_normal.jpg"
"CatRoberts1","75","6","8","none","311","https://pbs.twimg.com/profile_images/681270395719254017/OOXPyQZw_normal.jpg"
"ark_PR","73","3","4.10959","INTERNATIONAL","16790","https://pbs.twimg.com/profile_images/736267672820797440/jvSWFAqt_normal.jpg"
"arungm03","99","3","3.0303","singapore","56","https://pbs.twimg.com/profile_images/422732166519214080/18L-5MBW_normal.jpeg"
"azimves","97","8","8.24742","none","158","https://pbs.twimg.com/profile_images/378800000100390336/b2c1fd037ad0d51ced5fab824d94219f_normal.jpeg"
"FamsMalik","90","1","1.11111","Male'Maldives","683","https://pbs.twimg.com/profile_images/736944113556193281/fOA6NiF9_normal.jpg"
"Flexina76","82","1","1.21951","Denmark","256","https://pbs.twimg.com/profile_images/754007463528108034/R13dF5YQ_normal.jpg"
"khliaquatali","84","6","7.14286","none","680","https://pbs.twimg.com/profile_images/603498971324030976/pHCCwp5U_normal.jpg"
"poranapakistani","56","2","3.57143","Lahore","510","https://pbs.twimg.com/profile_images/752203671031672832/4awHeiYd_normal.jpg"
"imsanjeevthakur","91","5","5.49451","Gurgaon, India","683","https://pbs.twimg.com/profile_images/754320139831668737/FoZestBj_normal.jpg"
"tehreemabbas13","75","4","5.33333","Road to self distruct","856","https://pbs.twimg.com/profile_images/741182683603161088/6eq4kGCo_normal.jpg"
"WaqasAhmed_19","98","5","5.10204","Lahore, Pakistan.","124","https://pbs.twimg.com/profile_images/517987370361032704/XKbBJkUG_normal.jpeg"
"Ahmerkhan80","58","3","5.17241","none","62","https://pbs.twimg.com/profile_images/737030433255399424/DaH9kMKH_normal.jpg"
"BloodDonorsPaki","98","3","3.06122","Heart of Pakistan","1461","https://pbs.twimg.com/profile_images/645161102041415680/SjTzsqDt_normal.jpg"
"namidanam","100","2","2","Heaven","886","https://pbs.twimg.com/profile_images/2625943297/ol9rqyct8xge8weioxq5_normal.jpeg"
"NwaAke","61","5","8.19672","none","135","https://pbs.twimg.com/profile_images/706187405662003200/aS-wRFe7_normal.jpg"
"Roshaneyy","82","9","10.9756","Lahore, Pakistan","189","https://pbs.twimg.com/profile_images/752997588056567808/-NfubkDh_normal.jpg"
"msmianjee","99","1","1.0101","Islamabad / Multan Pakistan","1103","https://pbs.twimg.com/profile_images/677561541206654976/O3stMCw4_normal.jpg"
"as_i_xperience","99","3","3.0303","none","200","https://pbs.twimg.com/profile_images/754323920573063168/ADc7Dyn6_normal.jpg"
"RuchikaTalwar","65","3","4.61538","Shehr-e-Dilli, Ambersar","5077","https://pbs.twimg.com/profile_images/1307006164/Ruchika_normal.jpg"
"HmzaaSaeed","83","5","6.0241","Pakistan","353","https://pbs.twimg.com/profile_images/753930489459769344/muSzNW3g_normal.jpg"
"ZaidiOpines","84","5","5.95238","Karachi, the greatest of all","2145","https://pbs.twimg.com/profile_images/744158305036165122/86jsZKF9_normal.jpg"
"Shaforama","80","5","6.25","#Parachinar #Karachi #Pakistan","4287","https://pbs.twimg.com/profile_images/752764712975151105/sLk_SygF_normal.jpg"
"WaCaS","80","2","2.5","???????? ????? ????? ","5734","https://pbs.twimg.com/profile_images/752181446438182912/kFu48YtU_normal.jpg"
"AnndaParatha","48","1","2.08333","??????, ??????? ??????? ??????","13529","https://pbs.twimg.com/profile_images/753124532093853696/U6Fh1C5a_normal.jpg"
"arshadsyed001","89","5","5.61798","none","19044","https://pbs.twimg.com/profile_images/636774160820215808/ynGPAkoZ_normal.jpg"
"BohemianRevolt","81","4","4.93827","none","680","https://pbs.twimg.com/profile_images/754041482798071808/QJR9Txnp_normal.jpg"
"Ibnealii","45","4","8.88889","Pakistan","1628","https://pbs.twimg.com/profile_images/754577038275665920/eIlXqnkP_normal.jpg"
"shabirmalik442","97","6","6.18557","DUBAI","419","https://pbs.twimg.com/profile_images/752790341330370560/GBYBhHod_normal.jpg"
"MehrabChandio","26","1","3.84615","Larkana, Pakistan","30","https://pbs.twimg.com/profile_images/739035848348295170/rOHtjWUW_normal.jpg"
"neevarpk","65","3","4.61538","New Delhi, Delhi","98","https://pbs.twimg.com/profile_images/753988639831445504/0QKqEQnh_normal.jpg"
"RosasYummyYums","87","1","1.14943","Switzerland","4959","https://pbs.twimg.com/profile_images/634622884342722560/36eZjU_a_normal.jpg"
"ManuuNgesh","98","1","1.02041","none","386","https://pbs.twimg.com/profile_images/453051802750291968/8evAPB2K_normal.jpeg"
"essyf96","99","1","1.0101","none","169","https://pbs.twimg.com/profile_images/720291254874071040/u8rwCaq8_normal.jpg"
