"Real_Is_Beauty","100","1","1","Iowa","154","https://pbs.twimg.com/profile_images/663319505506996224/lRU-jRrc_normal.jpg"
"motherscontact","92","3","3.26087","none","92","https://pbs.twimg.com/profile_images/458526954614816768/u_E9CEn__normal.jpeg"
"sololoner2","100","1","1","none","384","https://pbs.twimg.com/profile_images/378800000606972067/69ce02880dc422c3f601414cf6058cf3_normal.jpeg"
"PastorG16","100","2","2","Whitehall, PA, USA","1553","https://pbs.twimg.com/profile_images/1813692507/wheelchair3_normal.jpg"
"blanketcrap","97","2","2.06186","Mt Morgan","16258","https://pbs.twimg.com/profile_images/568364323374772224/LFFV0UOF_normal.jpeg"
"irrfnews0724","100","4","4","Austin, Texas","947","https://pbs.twimg.com/profile_images/744954725146099713/675h0fDV_normal.jpg"
"diaryofa_women","88","1","1.13636","world wide","213","https://pbs.twimg.com/profile_images/749819658493005824/LNmyCKY-_normal.jpg"
"MsGMB28","99","7","7.07071","Heaven on Earth","590","https://pbs.twimg.com/profile_images/2667691011/34fa50ca46d33d5bfd3de4cbedbf079f_normal.jpeg"
"laalteyn","100","3","3","Pakistan","191","https://pbs.twimg.com/profile_images/3648306144/e8ccf9d5864f9c288e6db8fe317bb337_normal.jpeg"
"ChildAbuseStory","100","94","94","Bremerton, Washington ","2350","https://pbs.twimg.com/profile_images/3463405962/f8fbfc603ed42505fa2e2bde519bce74_normal.jpeg"
"brokenchild_ngo","60","6","10","Europe","49","https://pbs.twimg.com/profile_images/725087556191281152/q66I4Fdi_normal.jpg"
"amihailovskaya","91","3","3.2967","Belarus","136","https://pbs.twimg.com/profile_images/551679323556433921/mITDFU0P_normal.jpeg"
"NewDawnEssex","100","3","3","Essex...","1022","https://pbs.twimg.com/profile_images/748659333328683008/2jD6Rcl6_normal.jpg"
"lucyfur46","98","1","1.02041","Scotland","1519","https://pbs.twimg.com/profile_images/1804343055/eye_normal.gif"
"Shadab_excel","84","1","1.19048","India","36","https://pbs.twimg.com/profile_images/728481284847194112/5gdb3xRo_normal.jpg"
"Goddess300","70","1","1.42857","World ????•*¨`*•..¸","2594","https://pbs.twimg.com/profile_images/749447036433379328/Nhwy4vYn_normal.jpg"
"LeightonEarly","97","3","3.09278","none","2335","https://pbs.twimg.com/profile_images/444544030714507264/wrSI-Uco_normal.png"
"AnonCentroAmeri","100","1","1","none","1084","https://pbs.twimg.com/profile_images/729792601537138688/8A16OQKQ_normal.jpg"
"stuboi70","95","1","1.05263","none","1212","https://pbs.twimg.com/profile_images/514504003539836928/GaJMdCIA_normal.png"
"Brains3","79","2","2.53165","none","2307","https://pbs.twimg.com/profile_images/685617192541360129/uricwJUC_normal.jpg"
"marionste","92","1","1.08696","England","6175","https://pbs.twimg.com/profile_images/869148651/me_normal.jpg"
"LegallyKidnaped","100","6","6","CPS Custody Secret Location","2560","https://pbs.twimg.com/profile_images/816129334/twitter_normal.jpg"
"craigdo45838184","62","2","3.22581","Scotland/Alba","1534","https://pbs.twimg.com/profile_images/746787413507211265/hYBJVI2f_normal.png"
"TheWarRoomNZ","91","1","1.0989","none","936","https://pbs.twimg.com/profile_images/378800000076797004/d3a55aa3dc87f946ce719c88dfd6d6e9_normal.jpeg"
"MilasWhistle","90","1","1.11111","Faribault, Minnesota","1713","https://pbs.twimg.com/profile_images/2020084149/Pink_whistle_trying_smaller_again_normal.jpg"
"emanononames","74","1","1.35135","none","2347","https://pbs.twimg.com/profile_images/752753893348634624/ndk4KJBP_normal.jpg"
"DinoNocivelli","83","10","12.0482","London (Welsh/Italian)","2519","https://pbs.twimg.com/profile_images/609445468939137024/KEUZ-dNN_normal.jpg"
"StatMan_Who","90","5","5.55556","UK","1634","https://pbs.twimg.com/profile_images/461637954557865986/ByKFLfjG_normal.jpeg"
"50shadesnomore","66","1","1.51515","World Wide","1236","https://pbs.twimg.com/profile_images/754638579893018624/ek7oRWNK_normal.jpg"
"politicalnative","89","2","2.24719","Toronto, ON Canada","949","https://pbs.twimg.com/profile_images/714121451293564928/-gxO3Nbi_normal.jpg"
"itexistsUK","100","100","100","none","1185","https://pbs.twimg.com/profile_images/690158239099543552/fFSFhTft_normal.jpg"
"FoundationQOH","99","1","1.0101","Penrith , NSW","417","https://pbs.twimg.com/profile_images/501153560277438465/dEVZaAE5_normal.jpeg"
"stopritualabuse","100","24","24","none","2171","https://pbs.twimg.com/profile_images/507372438867288064/BES5Qecd_normal.png"
"rochagal","91","3","3.2967","Dublin Ireland ","2361","https://pbs.twimg.com/profile_images/754490698758512640/wpJSWL3Q_normal.jpg"
"thisweekrte","99","2","2.0202","RTE, Donnybrook, Dublin 4","3867","https://pbs.twimg.com/profile_images/378800000077482960/580ef24661d640cdde955f6c3229d980_normal.jpeg"
"PierceKennedy","66","1","1.51515","Cork, Ireland","3021","https://pbs.twimg.com/profile_images/754096872374099974/znWGqhM8_normal.jpg"
"GroshekLaw","96","22","22.9167","Minneapolis | San Diego | US ","3588","https://pbs.twimg.com/profile_images/553213547182698497/LazOBDdG_normal.jpeg"
"HudSocialWork","91","2","2.1978","Huddersfield, UK","696","https://pbs.twimg.com/profile_images/662626667043622912/yXNHe77D_normal.jpg"
"gottogetoutof","93","6","6.45161","Toronto Ont Canada  ","3018","https://pbs.twimg.com/profile_images/661376385508892672/53UX5Ksa_normal.jpg"
"CSAQT","100","6","6","YOU ARE NOT ALONE","2502","https://pbs.twimg.com/profile_images/535585307920322560/nxKv5iD7_normal.jpeg"
"childproparty","83","8","9.63855","Adelaide, South Australia","31","https://pbs.twimg.com/profile_images/753350251688275968/X-rkDnUS_normal.jpg"
"shinybluedress","90","4","4.44444","??DORSET My Story ??","6837","https://pbs.twimg.com/profile_images/752576656716525568/L59P9PxQ_normal.jpg"
"SteAppleton","96","1","1.04167","Liverpool","273","https://pbs.twimg.com/profile_images/750607339720413184/y1FWKhtn_normal.jpg"
"ssfccaz10","98","1","1.02041","Wales, United Kingdom","396","https://pbs.twimg.com/profile_images/738703250266959873/ahd1h8qh_normal.jpg"
"TheJadeEmpress","100","1","1","Global","1885","https://pbs.twimg.com/profile_images/682235591145197568/wWGeRU6R_normal.jpg"
"UpKurve","93","1","1.07527","The Netherlands","51","https://pbs.twimg.com/profile_images/709429883118616576/hI3kRHVu_normal.jpg"
"cmwebb87","54","6","11.1111","berkshire","216","https://pbs.twimg.com/profile_images/651073792400297984/4oaeDtVk_normal.jpg"
"UnaDiscamus","85","3","3.52941","none","916","https://pbs.twimg.com/profile_images/752648841694961664/b0B4U2if_normal.jpg"
"S_L4refugees","41","1","2.43902","Paris, France","185","https://pbs.twimg.com/profile_images/708587007723892736/rb9Y7taA_normal.jpg"
"MDSCCltd","98","34","34.6939","United Kingdom","1648","https://pbs.twimg.com/profile_images/726702429589364736/xcn7qpfF_normal.jpg"
"NetSmartz","98","3","3.06122","Alexandria, VA","13521","https://pbs.twimg.com/profile_images/669896531181481988/4GIanY2L_normal.jpg"
"cybractiv","89","5","5.61798","Australia","1616","https://pbs.twimg.com/profile_images/378800000794283288/46b8463780a6858c24cef2d8e102f401_normal.jpeg"
"ECP_LTD","100","16","16","UK","197","https://pbs.twimg.com/profile_images/735403563178983424/vI-YHkww_normal.jpg"
"familiadig","100","4","4","#SoyFamiliaDigital","3927","https://pbs.twimg.com/profile_images/591555363444490240/qRd6B8AU_normal.jpg"
"EthosAssets","100","1","1","Toronto, Ontario","950","https://pbs.twimg.com/profile_images/572570883718275072/v5fnFZSO_normal.jpeg"
"Vilma","100","1","1","Madrid, Comunidad de Madrid","278","https://pbs.twimg.com/profile_images/739839932634693635/ZPDBQAJh_normal.jpg"
"WitleyEditor","96","6","6.25","London, Oxford, Worcester","3494","https://pbs.twimg.com/profile_images/592802402069262340/jUC3hlik_normal.jpg"
"sharedvisionuk","99","36","36.3636","London, England","1024","https://pbs.twimg.com/profile_images/630401240086786048/X0jmLv2m_normal.png"
"ticknersoul","100","1","1","UK","951","https://pbs.twimg.com/profile_images/503562028858880000/ZnjSVCul_normal.jpeg"
"MIRBIL2014","97","1","1.03093","ESPAÑA","59","https://pbs.twimg.com/profile_images/555160152974696448/1XXZnvx2_normal.jpeg"
"Yellowbikergirl","81","4","4.93827","South West, England","846","https://pbs.twimg.com/profile_images/673225022404763648/yOFBswEl_normal.jpg"
"RCySost","92","1","1.08696","Por todo el mundo","15441","https://pbs.twimg.com/profile_images/1282787287/Logo_telefonica_redessociales_normal.jpg"
"recre8now","97","1","1.03093","none","995","https://pbs.twimg.com/profile_images/1538884538/RECRE8_LOGO_normal.JPG"
"SaveChildrenArm","97","15","15.4639","Armenia","243","https://pbs.twimg.com/profile_images/724826599963672576/kP8hGZ_R_normal.jpg"
"nibconsultinguk","99","65","65.6566","none","2319","https://pbs.twimg.com/profile_images/552014458193600513/C2T1SEK5_normal.jpeg"
"ChildSafe_Intl","97","18","18.5567","none","1859","https://pbs.twimg.com/profile_images/730334971747950592/uv9fPTg5_normal.jpg"
"mandatenow","84","11","13.0952","London","1727","https://pbs.twimg.com/profile_images/695901679754027008/K8vddkyS_normal.jpg"
"lansonsolicitor","98","2","2.04082","Launceston UK","745","https://pbs.twimg.com/profile_images/2455492771/c0t050krbzr6auxaeou1_normal.jpeg"
"MonyaMyms","98","5","5.10204","Australia","987","https://pbs.twimg.com/profile_images/496368073717207040/6l9NPs4t_normal.jpeg"
"anime_anarchist","95","1","1.05263","Olympia","69","https://pbs.twimg.com/profile_images/716573077933391872/eBP5UgMW_normal.jpg"
"sasemwills","66","6","9.09091","Yorkshire, UK","419","https://pbs.twimg.com/profile_images/1181083025/donkey-icon_normal.png"
"AumuaA","97","1","1.03093","Suva, Fiji","338","https://pbs.twimg.com/profile_images/737716040075878404/8awihfMW_normal.jpg"
"ArigatouGNRC","99","16","16.1616","Nairobi, Kenya ","314","https://pbs.twimg.com/profile_images/558451227868921858/aXX-_6N3_normal.png"
"ReGenUC","84","1","1.19048","Melbourne, Australia","3132","https://pbs.twimg.com/profile_images/3563586775/1bf076b824c3f10e8b810769d33164da_normal.jpeg"
"VasuMPH","97","3","3.09278","Washington DC","425","https://pbs.twimg.com/profile_images/672311298986803200/xT_lRyAf_normal.jpg"
"angie5950","70","1","1.42857","Bude in Cornwall","2068","https://pbs.twimg.com/profile_images/712694830997106688/wSM6VxGf_normal.jpg"
"RoacheJohn","99","1","1.0101","St. Albans","136","https://pbs.twimg.com/profile_images/709395037784809472/O-TupLij_normal.jpg"
"erikmathijs","99","1","1.0101","Leuven","473","https://pbs.twimg.com/profile_images/642448821/erik_m_normal.jpg"
"NeonateLee","96","1","1.04167","none","136","https://pbs.twimg.com/profile_images/751845899127533568/QFutICTr_normal.jpg"
"LetMePlayUK","97","1","1.03093","none","1549","https://pbs.twimg.com/profile_images/619869626860732416/303w30it_normal.jpg"
"Gulnara_Zh_","97","2","2.06186","Osh ","132","https://pbs.twimg.com/profile_images/741285018933309442/0Jhs1WCt_normal.jpg"
"SASODGuyana","100","1","1","none","1677","https://pbs.twimg.com/profile_images/378800000289640554/7feeb2bc0b4a7c8edbb42c178beba1c0_normal.png"
"TasSteven","100","1","1","Brussels","535","https://pbs.twimg.com/profile_images/2277968481/k4wafxp52x97cqcn125l_normal.jpeg"
"LiseFuhr","98","1","1.02041","Brussels, Belgium","456","https://pbs.twimg.com/profile_images/745926574826983424/HN8Vig89_normal.jpg"
"JonClements77","73","1","1.36986","none","124","https://pbs.twimg.com/profile_images/710233535391596544/4AAws4kc_normal.jpg"
"journalfhc","88","2","2.27273","Hove, UK","2347","https://pbs.twimg.com/profile_images/717365093378424833/JTcPFfOq_normal.jpg"
"yukiemokuo","100","8","8","Kyrgyz Republic","452","https://pbs.twimg.com/profile_images/378800000294181806/dd131899fdf21838eb6872bc272e42d6_normal.jpeg"
"shiftNGroup","93","2","2.15054","Leuven, Belgium","673","https://pbs.twimg.com/profile_images/482885412092776449/PH9pLyaV_normal.jpeg"
"GretchenWesche","90","4","4.44444","none","59","https://pbs.twimg.com/profile_images/716438819646672896/ymZ7yCoW_normal.jpg"
"phil_rumney","90","2","2.22222","Bristol Law School - UWE","2742","https://pbs.twimg.com/profile_images/683867575185440768/JrzJLSby_normal.jpg"
"_scarscarscar_","90","3","3.33333","Probably on a plane","473","https://pbs.twimg.com/profile_images/740608799455731712/8JOoLq_s_normal.jpg"
"MattLord77","88","1","1.13636","London, UK","540","https://pbs.twimg.com/profile_images/430833906959777792/i2BtwSqz_normal.jpeg"
"SeeDeblay","91","5","5.49451","Online and Accra, Ghana","1913","https://pbs.twimg.com/profile_images/729596235783540736/XOoHmFGZ_normal.jpg"
"unicefkg","100","4","4","??????, ??????????","1406","https://pbs.twimg.com/profile_images/714714908441620485/krmZMUKT_normal.jpg"
"RehelPakistan","99","9","9.09091","Lahore, Pakistan","227","https://pbs.twimg.com/profile_images/378800000057129312/0c06e7db464f740896976f3d51ad602e_normal.jpeg"
"5_Rivers","98","3","3.06122","U.K","487","https://pbs.twimg.com/profile_images/636822468058025984/l8V393Nz_normal.jpg"
"LSCB_Rochdale","100","10","10","none","430","https://pbs.twimg.com/profile_images/583221987855618048/kQPWsrMM_normal.png"
"LYWRP_","96","5","5.20833","London","1538","https://pbs.twimg.com/profile_images/673524896631283712/poLLckyw_normal.jpg"
"BadisaWynberg","98","5","5.10204","Wynberg, Cape Town","44","https://pbs.twimg.com/profile_images/499492033002618880/FYvltOvu_normal.jpeg"
"_questionwhy","71","3","4.22535","North West, England","158","https://pbs.twimg.com/profile_images/657866953185447936/bZIlmfjl_normal.jpg"
"BeatingTrauma","95","1","1.05263","none","15397","https://pbs.twimg.com/profile_images/378800000148010370/b2763c111c5528da8fb502f57c81c155_normal.jpeg"
"monerief","89","3","3.37079","India","1890","https://pbs.twimg.com/profile_images/753282963643568129/-E1MhcEK_normal.jpg"
"GingerKadlec","100","6","6","Indianapolis, Indiana","90659","https://pbs.twimg.com/profile_images/726753718343970816/KfIfhW4q_normal.jpg"
"justiceprojkc","99","6","6.06061","Kansas City, MO","21","https://pbs.twimg.com/profile_images/749405109969379328/b-s4FUk2_normal.jpg"
"SusieDunstan","74","6","8.10811","Scotland ","491","https://pbs.twimg.com/profile_images/2549569589/st_normal.jpg"
"stophtgroup","100","7","7","Huntington Beach, CA","117","https://pbs.twimg.com/profile_images/658468510327111680/VDllQIaC_normal.jpg"
"kmiba","100","1","1","none","548","https://pbs.twimg.com/profile_images/682791032724000768/f_lbi2rC_normal.jpg"
"CREER_RCI","96","4","4.16667","Cote d'Ivoire - Ivory Coast","343","https://pbs.twimg.com/profile_images/541705047709458432/sTpF-0TD_normal.jpeg"
"RealStars_eu","100","2","2","Gothenburg","1471","https://pbs.twimg.com/profile_images/541861246216450048/9Boc03jw_normal.png"
"RomanaCorreale","95","1","1.05263","none","2802","https://pbs.twimg.com/profile_images/754340969500278784/LBs1cJ7F_normal.jpg"
"MyActivism","96","4","4.16667","Worldwide","2346","https://pbs.twimg.com/profile_images/743276858981105664/lTYtsyXF_normal.jpg"
"HelpErase","99","3","3.0303","Worldwide","1571","https://pbs.twimg.com/profile_images/658701950020534272/AAGFUj7c_normal.jpg"
"HerStoryToo__","100","1","1","Happy land!! Denmark","83","https://pbs.twimg.com/profile_images/734102642868277248/rLBSfVcC_normal.jpg"
"MsAstuart","98","1","1.02041","Toronto","334","https://pbs.twimg.com/profile_images/733341986862845952/cChHLsze_normal.jpg"
"ChildhoodUSA","89","10","11.236","New York","1364","https://pbs.twimg.com/profile_images/555030443821498368/4VVaMq6p_normal.jpeg"
"Fight_ACT","57","7","12.2807","Abuja, Nigeria","1248","https://pbs.twimg.com/profile_images/709108218589528064/aVCq8kYY_normal.jpg"
"Anis_Musa78","100","2","2","none","54","https://pbs.twimg.com/profile_images/378800000301929332/76ce3dd764d6e0485d356ab3417d5d16_normal.jpeg"
"voicelessnomore","78","3","3.84615","USA","1871","https://pbs.twimg.com/profile_images/564318956312215552/82jElUdH_normal.jpeg"
"Jonnybravobaby","100","2","2","Bradford","24","https://pbs.twimg.com/profile_images/699494982353317889/Nsk-egTq_normal.jpg"
"OrphansInNeedIN","98","2","2.04082","New Delhi, India","252","https://pbs.twimg.com/profile_images/687055993721720834/O-evJ5-4_normal.jpg"
"rightobefree","97","1","1.03093","Chicago, IL ","82","https://pbs.twimg.com/profile_images/429455163674218496/2kRxpjig_normal.jpeg"
"hopeeverywhere_","68","8","11.7647","none","56","https://pbs.twimg.com/profile_images/707452197353746433/0gEFKer3_normal.jpg"
"manudagar","92","1","1.08696","Delhi, India","208","https://pbs.twimg.com/profile_images/740857712515244032/Wbqn5TqB_normal.jpg"
"pratha_org","91","3","3.2967","India","98","https://pbs.twimg.com/profile_images/720155980504383488/GN_OyxM2_normal.jpg"
"roluseye","84","1","1.19048","Nigeria, Africa","307","https://pbs.twimg.com/profile_images/709727310883241985/Aeoi4FQH_normal.jpg"
"alt_smart","43","1","2.32558","Mumbai, India","136","https://pbs.twimg.com/profile_images/719423677020971012/ZYYlZYHP_normal.jpg"
"SudiMartana","100","1","1","Singaraja, Bali","220","https://pbs.twimg.com/profile_images/675699814030381056/AWD9f2NK_normal.jpg"
"ECEWS","100","10","10","Nigeria","45","https://pbs.twimg.com/profile_images/704324298866040832/hY-NjQNR_normal.jpg"
"ImagiNAfrika","87","4","4.5977","Dakar, Senegal","275","https://pbs.twimg.com/profile_images/509260544566517761/fLp1f0Cu_normal.png"
"coumbabang72","91","4","4.3956","Dakar, Senegal","433","https://pbs.twimg.com/profile_images/378800000826078892/e3b8c0472dd6c3f5e43fe5f2900294ee_normal.jpeg"
"melb4freepress","85","4","4.70588","Brooklyn","282","https://pbs.twimg.com/profile_images/692711657429053442/XUVKJIf3_normal.png"
"harny_rahayu","100","1","1","South Jakarta - Indonesia","288","https://pbs.twimg.com/profile_images/3643182778/9fca0f89ca298ae1fb8bd62337a824af_normal.jpeg"
"semconsultantin","74","2","2.7027","Teamwork Wins Championship!","1462","https://pbs.twimg.com/profile_images/746743339605622784/60vHCe4a_normal.jpg"
"greenlivingbaby","100","1","1","New York-Prague-Puerto Rico","801","https://pbs.twimg.com/profile_images/723871458112368640/BAH2vt6Q_normal.jpg"
"MrKentEduLeader","92","1","1.08696","none","96","https://pbs.twimg.com/profile_images/621550688561053697/VnPApfoN_normal.jpg"
"SlaveryExperts","28","3","10.7143","London, England","84","https://pbs.twimg.com/profile_images/735169401071144964/rnP8ZrNZ_normal.jpg"
"cucatweet","79","1","1.26582","citizen of the world","821","https://pbs.twimg.com/profile_images/740623038044119040/lfvkgsMZ_normal.jpg"
"Global_Causes","100","3","3","Worldwide","1465","https://pbs.twimg.com/profile_images/606470073121959937/fUu2K74l_normal.png"
"averlont","99","3","3.0303","Trinidad and Tobago","305","https://pbs.twimg.com/profile_images/705817010525986816/h6oDyo7F_normal.jpg"
"vitriolMD","85","1","1.17647","Hungary","3115","https://pbs.twimg.com/profile_images/606102875970760705/df4koFRx_normal.jpg"
"MM_Cequea","100","1","1","Venezuela","1212","https://pbs.twimg.com/profile_images/684493454198607872/eQzIaE0v_normal.jpg"
"SinTrabinfantil","100","21","21","América Latina","3602","https://pbs.twimg.com/profile_images/752606335708069890/iDSw6YAJ_normal.jpg"
"SARPONGAKWASI1","99","1","1.0101","none","24","https://pbs.twimg.com/profile_images/736151200085725186/0uBxTJTn_normal.jpg"
"Y_Bahr","100","2","2","none","45","https://pbs.twimg.com/profile_images/1799607687/c45d810f-843d-44ed-8949-880a527a0f55_normal.png"
"NNMampane1","72","1","1.38889","Johannesburg, South Africa","384","https://pbs.twimg.com/profile_images/692802737088634882/OFcPoOp0_normal.jpg"
"ilo","98","2","2.04082","Geneva, Switzerland ","76504","https://pbs.twimg.com/profile_images/434004825139707904/P2tso_rQ_normal.jpeg"
"SocialMania_","92","1","1.08696","New Delhi, Delhi","1226","https://pbs.twimg.com/profile_images/526613388923654144/wHUWbdP4_normal.jpeg"
"BrainSpiders","100","1","1","Universe","3732","https://pbs.twimg.com/profile_images/649442020021305344/QZGId_b3_normal.png"
"anuradha898","99","3","3.0303","none","1837","https://pbs.twimg.com/profile_images/716837309987954688/lgiK_LHG_normal.jpg"
"jannvisc","100","2","2","North Norfolk, UK.","2778","https://pbs.twimg.com/profile_images/735027881135464448/__tj9Jkl_normal.jpg"
"Eurocentrique","93","2","2.15054","Canberra","6700","https://pbs.twimg.com/profile_images/575611476263636992/bkcFouA3_normal.jpeg"
"JanFurstenborg","98","1","1.02041","Helsinki ","730","https://pbs.twimg.com/profile_images/620171592690180096/ltggFm68_normal.jpg"
"AgnesHurwitz","99","3","3.0303","New York","207","https://pbs.twimg.com/profile_images/499215784808165376/_WD1YmCV_normal.jpeg"
"rudol9h","98","1","1.02041","north London","19689","https://pbs.twimg.com/profile_images/378800000407936791/0c98e6cad0a91c10116621cfe76b7169_normal.jpeg"
"MohummedUSayed","93","1","1.07527","none","624","https://pbs.twimg.com/profile_images/753360016476868608/zEBty6bs_normal.jpg"
"kalisumanth404","92","3","3.26087","Gudivada, India","54","https://pbs.twimg.com/profile_images/710881131562803200/k58oGLcI_normal.jpg"
"ChildLaborCLC","97","2","2.06186","D.C.","10981","https://pbs.twimg.com/profile_images/540202224425512960/aq-eXUZl_normal.jpeg"
"lisarogerss","99","1","1.0101","none","1195","https://pbs.twimg.com/profile_images/744570526144860160/R9qKaHz2_normal.jpg"
"PROITA","70","3","4.28571","Santiago de Chile","4474","https://pbs.twimg.com/profile_images/735955562295222273/wKjmOAy3_normal.jpg"
"aBetterWorldYES","100","11","11","Worldwide","2014","https://pbs.twimg.com/profile_images/606528478654164992/vOKKQC43_normal.jpg"
"mictcatamaran","91","1","1.0989","Berlin | Colombo | Jaffna","17","https://pbs.twimg.com/profile_images/746308613359210497/tZa-MQss_normal.jpg"
"luces_fundacion","97","2","2.06186","none","49","https://pbs.twimg.com/profile_images/498269041019342848/Z4h0prqm_normal.jpeg"
"icimatthias","100","18","18","none","28","https://abs.twimg.com/sticky/default_profile_images/default_profile_4_normal.png"
"FawcettSharon","91","6","6.59341","New Brunswick, Canada","416","https://pbs.twimg.com/profile_images/739794464604983297/tpzrpoNs_normal.jpg"
"jpnewsuk","100","1","1","none","499","https://pbs.twimg.com/profile_images/733012713992007680/u2rzhDaU_normal.jpg"
"jcstaff_","48","1","2.08333","Northampton","1200","https://pbs.twimg.com/profile_images/754553467641925632/OYyhlpPt_normal.jpg"
"CDPulcini","98","2","2.04082","none","321","https://pbs.twimg.com/profile_images/656264390493253633/jhlYKqBb_normal.jpg"
"jorlow","100","1","1","none","483","https://pbs.twimg.com/profile_images/544918490843324416/ioQcJvSw_normal.jpeg"
"StephRStarr","98","2","2.04082","Rochester, Minnesota","256","https://pbs.twimg.com/profile_images/584124088722952192/1JQfjSoI_normal.jpg"
"MargaretShell","100","2","2","none","13","https://pbs.twimg.com/profile_images/589094819118522368/cdy3fVkB_normal.jpg"
"sher__sinclair","57","1","1.75439","Abbotsford BC","45","https://pbs.twimg.com/profile_images/1898921065/Sher_at_Cascade_Falls_09__2011_normal.jpg"
"ideas42","98","2","2.04082","New York, NY","14423","https://pbs.twimg.com/profile_images/1811021924/ideas42_Logo_normal.png"
"FRPCanada","99","4","4.0404","Ottawa, ON, Canada","808","https://pbs.twimg.com/profile_images/582978791149993984/EyzM2efJ_normal.png"
"ELSpediatrics","92","16","17.3913","Global","377","https://pbs.twimg.com/profile_images/735849215922995201/1NnN4-Je_normal.jpg"
"noreen_huni","93","9","9.67742","Johannesburg","189","https://abs.twimg.com/sticky/default_profile_images/default_profile_6_normal.png"
"JdEsterre","98","2","2.04082","Gloucestershire","477","https://pbs.twimg.com/profile_images/752211730369900544/N7vlyY7b_normal.jpg"
"BrexitNoww","96","1","1.04167","RT TRUTH ABOUT EU DICTATORSHIP","4141","https://pbs.twimg.com/profile_images/721069203990687744/OZFOdwXw_normal.jpg"
"SHSorguk","93","1","1.07527","London, United Kingdom","2148","https://pbs.twimg.com/profile_images/448493560912809985/ia4AiXZ1_normal.jpeg"
"grantgurunyc","100","1","1","none","144","https://pbs.twimg.com/profile_images/378800000133979050/d183c530aa5628996c08b885f5bca5e1_normal.jpeg"
"NicWillMoe","86","2","2.32558","Minnesota | Austin, Texas","687","https://pbs.twimg.com/profile_images/2080140282/3d38834_normal.jpg"
"Kaid_in_DC","100","1","1","Washington, DC","9016","https://pbs.twimg.com/profile_images/232822768/Roubaix_in_back_yard_1_normal.jpg"
"kim_benham","92","1","1.08696","none","508","https://pbs.twimg.com/profile_images/752079891735126016/_9Kn4Nd4_normal.jpg"
"AvramDenburg","96","1","1.04167","Toronto, Ontario","107","https://pbs.twimg.com/profile_images/647402539319627777/DVMjtj0o_normal.jpg"
"NatlPAT","95","1","1.05263","Programs Nationwide, HQ in STL","7578","https://pbs.twimg.com/profile_images/728600430373003268/0UA0e99u_normal.jpg"
"VotingforKids","100","1","1","Washington, DC","7569","https://pbs.twimg.com/profile_images/1192200568/0111-Every-Child-1_normal.jpg"
"IIECP","97","14","14.433","Worldwide","583","https://pbs.twimg.com/profile_images/561224760093184000/US3eXQf0_normal.png"
"dancrawford85","67","1","1.49254","Acton","2840","https://pbs.twimg.com/profile_images/2348268149/ce1x2hpr95okr9o6fqq1_normal.jpeg"
"Tintie4","76","1","1.31579","none","938","https://pbs.twimg.com/profile_images/595822802625830914/8ZuOj3KX_normal.jpg"
"michaelbranniga","96","1","1.04167","Birmingham","727","https://pbs.twimg.com/profile_images/462022054/21052009008_normal.jpg"
"PaulCummings11","99","2","2.0202","none","386","https://pbs.twimg.com/profile_images/1747780219/180763_498811836650_566671650_6619427_1185121_n_normal.jpg"
