JennKoDesign,77,8,10.3896,Vancouver,654,https://pbs.twimg.com/profile_images/378800000167526714/2c1f288565cd72c8252e86dcd3d72239_normal.jpeg
bluetiedesigns,47,1,2.12766,lost in a lost world,173,https://pbs.twimg.com/profile_images/569017452529344512/JylSpnKi_normal.jpeg
JuiceBrighton,98,1,1.02041,Brighton,25407,https://pbs.twimg.com/profile_images/734744880757493760/oKcoCULK_normal.jpg
wotdhaiku,80,2,2.5,Philippines/Singapore,174,https://pbs.twimg.com/profile_images/1081053663/mypictrdrawingTwitter_normal.jpg
caroline_grieve,100,16,16,Greater Vancouver,724,https://pbs.twimg.com/profile_images/661288281938657280/qjS0nMHn_normal.jpg
Robert_M_Reyes,100,10,10,none,550,https://pbs.twimg.com/profile_images/746573032789934080/V-r8aGoY_normal.jpg
SbzacStephanie,99,8,8.08081,United States,56,https://pbs.twimg.com/profile_images/653096728749580288/Wu2nsC4w_normal.jpg
Islands_of_Cats,74,12,16.2162,Malta,241,https://pbs.twimg.com/profile_images/694154922019962880/hKx7PY3G_normal.jpg
DianeSymons,83,4,4.81928,"Perkasie, Pa",1869,https://pbs.twimg.com/profile_images/470393392/05-16-08_1714_normal.jpg
MuttButs,95,13,13.6842,"Georgia, USA",1521,https://pbs.twimg.com/profile_images/688470702366789632/0grOkBRa_normal.png
Copo1966,64,2,3.125,Midlands,1357,https://pbs.twimg.com/profile_images/579341256272277504/eqHmRZ8U_normal.jpg
DeniseFinneyArt,100,4,4,Devon,1216,https://pbs.twimg.com/profile_images/3613078181/0c25e46877e6111cf5743a0adb5eef6a_normal.jpeg
ISF_GER_MS,84,2,2.38095,none,26,https://pbs.twimg.com/profile_images/753276629347078144/2GFhkuef_normal.jpg
caliop4,93,2,2.15054,none,476,https://pbs.twimg.com/profile_images/711390105685106688/R5m31kjJ_normal.jpg
nevermore_007,96,2,2.08333,Global Citizen ,3974,https://pbs.twimg.com/profile_images/549231353859149824/RYqzze3P_normal.jpeg
cjnoyes,100,1,1,New York City,248,https://pbs.twimg.com/profile_images/2337649834/fn17vtu90cn0fr1l99o3_normal.png
Wgarrar,88,8,9.09091,none,969,https://pbs.twimg.com/profile_images/744164414329257984/ZfzIA_n7_normal.jpg
Edelmiro1961,66,4,6.06061,Aquimismo,2018,https://pbs.twimg.com/profile_images/493395084188995586/6bBvUbU2_normal.png
jijmpel,97,4,4.12371,none,1422,https://pbs.twimg.com/profile_images/733592194242609152/9fvv5uLt_normal.jpg
julaydeandorra,86,5,5.81395,Andorra,49,https://pbs.twimg.com/profile_images/753637775052791808/aRxU6aPS_normal.jpg
FrauDanielle,91,12,13.1868,none,434,https://pbs.twimg.com/profile_images/754148078043684864/ESNsay_p_normal.jpg
BocaLegend,80,1,1.25,"Palm Beach County, Florida",9184,https://pbs.twimg.com/profile_images/3308222843/79eb2fcb92104b5f647afa4725cbdf85_normal.png
zaffycorkyollie,97,4,4.12371,none,3246,https://pbs.twimg.com/profile_images/436876595228573696/LyVZp_v6_normal.jpeg
HulyaCAYIR,94,1,1.06383,Turkey,11190,https://pbs.twimg.com/profile_images/744155662490435584/JSDHufKJ_normal.jpg
Best_Frd_Buddy,88,19,21.5909,"Atlanta, GA",337,https://pbs.twimg.com/profile_images/687321559925698560/XhkAXhoG_normal.jpg
mishaleesoriano,100,4,4,Where My Shadow Is,71,https://pbs.twimg.com/profile_images/746015915456663552/HGEEytpL_normal.jpg
care4allanimals,100,43,43,none,2878,https://pbs.twimg.com/profile_images/491217229678002177/mbufK5eM_normal.jpeg
melody_1159,70,1,1.42857,Italia,1533,https://pbs.twimg.com/profile_images/754267916342796289/tzIWbwba_normal.jpg
franbets,89,10,11.236,none,2292,https://pbs.twimg.com/profile_images/661254804828782592/gk_oWBGU_normal.jpg
livephillylife,100,1,1,"Philadelphia, PA",415,https://pbs.twimg.com/profile_images/646646235185680384/SipHl9tl_normal.jpg
CBSPhilly,100,1,1,Philadelphia,117021,https://pbs.twimg.com/profile_images/750278633105809408/KRfFS6N__normal.jpg
CarolynD72355,51,1,1.96078,none,42,https://abs.twimg.com/sticky/default_profile_images/default_profile_4_normal.png
PSPCA,91,5,5.49451,Pennsylvania,6352,https://pbs.twimg.com/profile_images/452112915672211457/19b8DsxV_normal.jpeg
jenh171,64,3,4.6875,NJ,444,https://pbs.twimg.com/profile_images/727273426755440640/AFacxB83_normal.jpg
bernieT36,97,5,5.15464,Manchester,1256,https://pbs.twimg.com/profile_images/745536927047180288/LOcwQmGO_normal.jpg
JamesDalrimple,93,1,1.07527, Bournemouth,1496,https://pbs.twimg.com/profile_images/3750683581/3b7bf62f91d225932b733502c615d209_normal.jpeg
wizardQi,100,1,1,"Conway, New Hampshire, USA",2980,https://pbs.twimg.com/profile_images/449895466855956480/iMAdf9do_normal.jpeg
Remzi2Louisa,49,2,4.08163,Cambridge,385,https://pbs.twimg.com/profile_images/698994163774332928/sgtoEMEh_normal.jpg
Chrissyh_,85,4,4.70588,Germany,127,https://pbs.twimg.com/profile_images/718102240456794112/fP14T4Wp_normal.jpg
ruhithallon,100,11,11,none,2886,https://pbs.twimg.com/profile_images/746636211146489858/UDg3xirw_normal.jpg
tagliento80,100,10,10,"Bologna, Emilia Romagna",542,https://pbs.twimg.com/profile_images/748221815475015680/Z74b8e5-_normal.jpg
HelpAnimalsIN,5,3,60,none,0,https://abs.twimg.com/sticky/default_profile_images/default_profile_3_normal.png
porkpiepres,96,1,1.04167,"??? Toyooka, Japan",457,https://pbs.twimg.com/profile_images/1796351377/20060428203719_normal.jpg
tortoise_lotus,99,1,1.0101,none,228,https://pbs.twimg.com/profile_images/527307411388764160/KsRh7KKb_normal.jpeg
StuarattSJ,100,2,2,"Tean, Staffordshire",1788,https://pbs.twimg.com/profile_images/661205590165872641/chkJOYXR_normal.png
FURisNOTfashion,98,2,2.04082,Everywhere,1764,https://pbs.twimg.com/profile_images/672866009678815232/NXTCZfE-_normal.jpg
aakashsingh97,100,2,2,none,371,https://pbs.twimg.com/profile_images/717239777695674368/LNDOgAcn_normal.jpg
VeganShoesLon,89,43,48.3146,London England,1137,https://pbs.twimg.com/profile_images/747792863166144512/U_127TcB_normal.jpg
bhindglasswalls,95,7,7.36842,"Worthing, West Sussex, Uk",821,https://pbs.twimg.com/profile_images/554871000731762689/Nq1SZlxk_normal.jpeg
blaisesc_____,99,12,12.1212,SUISSE,604,https://pbs.twimg.com/profile_images/574275197118734336/MrAEaODY_normal.jpeg
LisaWallis5,95,2,2.10526,none,637,https://abs.twimg.com/sticky/default_profile_images/default_profile_2_normal.png
tara_lesant,97,7,7.2165,"Reading, England",607,https://pbs.twimg.com/profile_images/717787290962108418/gQaZ8l4t_normal.jpg
PawsGeorge,96,10,10.4167,"London, England",1849,https://pbs.twimg.com/profile_images/604735845791354880/wC8TINcJ_normal.jpg
Fyrraven,90,4,4.44444,"Tacoma, WA",135,https://pbs.twimg.com/profile_images/592263340/lionroxie_1__normal.jpg
SeanWensley,97,12,12.3711,UK,807,https://pbs.twimg.com/profile_images/646365181556056064/UttaqczK_normal.png
auctions4nets,100,3,3,"Cleveland, OH - San Diego, CA",565,https://pbs.twimg.com/profile_images/2379673438/ekj7snoj75x2jb6e7rlw_normal.jpeg
Ozzyopolis,100,3,3,"Letchworth, England",494,https://pbs.twimg.com/profile_images/621340193434370048/YHbtwgpd_normal.png
MarcVegan,100,18,18,"New Jersey, USA",8030,https://pbs.twimg.com/profile_images/624010573978558464/tD8yNT7F_normal.jpg
VeggieWanted,100,90,90,Follow if you want a change!,528,https://abs.twimg.com/sticky/default_profile_images/default_profile_3_normal.png
dolphinval21,99,4,4.0404,"England, United Kingdom",23778,https://pbs.twimg.com/profile_images/734846402937946112/woZTeUhN_normal.jpg
meltingeverest,85,1,1.17647,United Kindgom,599,https://pbs.twimg.com/profile_images/597318274699911168/SVIlhfy3_normal.jpg
lulu_lindi,83,22,26.506,Sunny Scotland,1653,https://pbs.twimg.com/profile_images/446601835160547328/1inOT0We_normal.jpeg
AmazonCares,98,7,7.14286,"33.854719,-84.351406",19895,https://pbs.twimg.com/profile_images/752846892321632256/Zfga2rJ__normal.jpg
marinaleda3,60,3,5,sheffield UK ,221,https://pbs.twimg.com/profile_images/582669866789916672/fPZuJZ18_normal.jpg
ersle,100,3,3,Santa Monica....or the beach! ,10862,https://pbs.twimg.com/profile_images/3275572275/a6674b6abfdea7145c8d619924e7637d_normal.jpeg
loveanimalsmary,100,3,3,London U.K.,155,https://pbs.twimg.com/profile_images/1592652905/P1010006_2_normal.jpg
Nickis_Legacy,97,5,5.15464,none,946,https://pbs.twimg.com/profile_images/378800000519492557/881f1297784bb0feb60e233d7b4bff81_normal.jpeg
janinejoubert8,98,9,9.18367,South Africa,315,https://pbs.twimg.com/profile_images/671435349596512256/13J-JCYx_normal.jpg
StreetDogGeorge,100,5,5,none,5758,https://pbs.twimg.com/profile_images/688166901193682944/sZqwsDl__normal.jpg
lchapman221,100,24,24,none,40,https://pbs.twimg.com/profile_images/573625395687260160/LSWxz9_N_normal.jpeg
kpkyle,96,1,1.04167,none,26,https://pbs.twimg.com/profile_images/1530409155/daywatch_normal.jpg
orangefrugivore,95,2,2.10526,Heart of Kalimantan,3849,https://pbs.twimg.com/profile_images/378800000373560404/d69f3ecaf6a3db552afb8abb5be0d9f6_normal.jpeg
AnimalNsw2015,75,2,2.66667,Sydney Australia,1917,https://pbs.twimg.com/profile_images/610420211297030144/UrmS6QiH_normal.png
BreatheCouture,138,18,13.0435,Vancouver Canada and Worldwide,3676,https://pbs.twimg.com/profile_images/443896534074019840/EVemePdZ_normal.jpeg
JeeNaThalang,100,1,1,none,44,https://abs.twimg.com/sticky/default_profile_images/default_profile_1_normal.png
ArcticFox571,86,2,2.32558,none,2759,https://pbs.twimg.com/profile_images/2964882353/d02c52ad8b3d5847cf89c517a359e67d_normal.jpeg
riyer88,91,8,8.79121,"New York, USA",536,https://pbs.twimg.com/profile_images/665724765294960640/cJT5oIow_normal.jpg
hillsideheather,96,6,6.25,scotland,1172,https://pbs.twimg.com/profile_images/669447418165993472/5I9QWeom_normal.png
oskyboz,100,3,3,none,273,https://pbs.twimg.com/profile_images/466605473114775552/46EtZLbt_normal.jpeg
greennomad61,88,3,3.40909,none,5414,https://pbs.twimg.com/profile_images/668606311039299584/VlS0WD_Z_normal.jpg
sachikoko,99,2,2.0202,none,1253,https://pbs.twimg.com/profile_images/2294181792/kw0qbqjiqxobobhbqe1n_normal.jpeg
Koala_Bee,94,12,12.766,none,14072,https://pbs.twimg.com/profile_images/2027483382/Koala_Bee_normal.jpg
SusanKeefe4,99,6,6.06061,none,1950,https://pbs.twimg.com/profile_images/2289823666/lswz2wr2ekxns7c26p6w_normal.jpeg
PetSenior,100,12,12,none,72,https://pbs.twimg.com/profile_images/739994963090526208/Cuy1Ja5u_normal.jpg
JaGulNeelaMacet,100,15,15,Edinburgh Scotland,108,https://pbs.twimg.com/profile_images/3144238184/9036a9bcb4a091a88b1591ec0517dca4_normal.jpeg
Marcy1817,93,1,1.07527,"Long Island, NY",65,https://pbs.twimg.com/profile_images/3062567034/08b9bb2d518bbe1877012e08cafb665d_normal.jpeg
ConstantinGreco,100,1,1,none,46,https://pbs.twimg.com/profile_images/614180395714633728/HPC9xZwL_normal.jpg
ThyMuser,70,1,1.42857,none,51,https://pbs.twimg.com/profile_images/745980611366649856/qRFRI1yY_normal.jpg
CareerGalSal,86,1,1.16279,United Kingdom,1095,https://pbs.twimg.com/profile_images/2842013065/0b519405915d684c5926d4ceda2ca5e7_normal.jpeg
cosmicgoId,97,1,1.03093,|-/,1291,https://pbs.twimg.com/profile_images/751410166285733888/RjPJcaKw_normal.jpg
YungSpinelli,97,1,1.03093,painting the roses red,698,https://pbs.twimg.com/profile_images/752533167425413120/h_ZexAFe_normal.jpg
Tcallofthewild1,100,6,6,"London, England",53,https://pbs.twimg.com/profile_images/684835862279000065/XAhOAIvG_normal.jpg
Mannuueellll,90,1,1.11111,In spirit ,396,https://pbs.twimg.com/profile_images/751439554175967233/OBS6UbPc_normal.jpg
CTaylor7609,100,9,9,"Phoenix, AZ",50,https://pbs.twimg.com/profile_images/640360171554799616/UB7Mybjt_normal.jpg
BestSyndra,75,1,1.33333,"Brooklyn, NY",12,https://pbs.twimg.com/profile_images/725451918395490305/3ShOxgbu_normal.jpg
DomBouillet,94,11,11.7021,none,2030,https://pbs.twimg.com/profile_images/561277189874667521/EswnJp8e_normal.jpeg
OpFunKiII,100,14,14,iPhone RAM,225,https://pbs.twimg.com/profile_images/664234869220884480/Pn811Pvc_normal.jpg
nurulhassan93,91,1,1.0989,"Johor, Malaysia",36,https://pbs.twimg.com/profile_images/753110638914920448/4HaSpGPd_normal.jpg
1ven55,100,6,6,"??????, ?????",802,https://abs.twimg.com/sticky/default_profile_images/default_profile_3_normal.png
Enanasss,74,1,1.35135,Johor Bahru,607,https://pbs.twimg.com/profile_images/750556329249497088/e5YDehjX_normal.jpg
lucykirby_,100,4,4,none,31,https://pbs.twimg.com/profile_images/738110467743358977/72pZt6AB_normal.jpg
Homsher_PhD,75,1,1.33333,Michigan,1088,https://pbs.twimg.com/profile_images/602202050038861824/5wP_sxfb_normal.jpg
AmyVenti,83,1,1.20482,Metro St. Louis,229,https://pbs.twimg.com/profile_images/706909702647447552/UPiDIKwK_normal.jpg
creeping_gungi,100,1,1,#YYC,361,https://pbs.twimg.com/profile_images/677584112476168193/XKnKwNUN_normal.jpg
NdiDrey,78,1,1.28205,Under A Rock,1699,https://pbs.twimg.com/profile_images/753948412815564800/Hl_u_f7m_normal.jpg
From_A_Zim_Girl,90,1,1.11111,none,126,https://pbs.twimg.com/profile_images/754448071564599296/t0-_f0WJ_normal.jpg
lilymooncloud,75,2,2.66667,"Jerseyville, IL",1438,https://pbs.twimg.com/profile_images/689839102607265792/ZLyBpDxq_normal.png
NickkTitan,65,1,1.53846,none,3336,https://pbs.twimg.com/profile_images/754018369603502080/NfyRVycY_normal.jpg
Beltschazzara,100,1,1,none,144,https://pbs.twimg.com/profile_images/2328924605/image_normal.jpg
CarrieHKelly,52,2,3.84615,"Dana Point, CA USA",295,https://pbs.twimg.com/profile_images/3649971680/21cbad28c229dbad3d0be99b0fd96e71_normal.jpeg
NamaskarNamaste,67,2,2.98507,none,89,https://pbs.twimg.com/profile_images/707319727253811200/gI_dgHUx_normal.jpg
MinieSqueeze,72,1,1.38889,Neverland,2174,https://pbs.twimg.com/profile_images/752158671359148032/4it8tyUs_normal.jpg
jefflcohen,100,1,1,none,4488,https://pbs.twimg.com/profile_images/429699551440547840/ao3g95yv_normal.jpeg
ChantalHCumming,99,6,6.06061,Cardiff - Wales - UK,209,https://pbs.twimg.com/profile_images/424190088738664448/wRRFWAxQ_normal.jpeg
Kurdi99Azadi99,96,3,3.125,none,264,https://pbs.twimg.com/profile_images/739601403031752705/iggHEYph_normal.jpg
FriendlyJMC,96,2,2.08333,none,6129,https://pbs.twimg.com/profile_images/698194411847491584/KBa5b693_normal.jpg
SKLee,80,1,1.25,"Plymouth, England",262,https://pbs.twimg.com/profile_images/654045355231838208/V6HJ9gV1_normal.jpg
hazmqasm6,100,9,9,The Moon,814,https://pbs.twimg.com/profile_images/549704812439166977/pFU6MN9o_normal.png
hhh_syed,98,1,1.02041,Hussaini Hall,1028,https://pbs.twimg.com/profile_images/752812919579111424/Fw_1TciW_normal.jpg
InsideIraq,99,2,2.0202,United Kingdom,2000,https://pbs.twimg.com/profile_images/733027412435423233/CbZH3lNa_normal.jpg
KSTAR102TALK,100,1,1,Deep in the Heart of Texas,8460,https://pbs.twimg.com/profile_images/3755859221/268aba470ddcd422d4837e7f422c9960_normal.jpeg
Brokenokie70,99,15,15.1515,Oklahoma,1083,https://pbs.twimg.com/profile_images/663915933602177024/PA715-To_normal.jpg
aysha0300,100,1,1,none,210,https://pbs.twimg.com/profile_images/752223587822624769/Kw2Yb81s_normal.jpg
DivaKnevil,100,1,1,Washington D.C,981,https://pbs.twimg.com/profile_images/746089886407589888/LPaeFSG8_normal.jpg
coolwality,55,1,1.81818,none,22,https://pbs.twimg.com/profile_images/2993645603/6fcbc3ded001791b8d81317fa9147fe7_normal.jpeg
batutu_bee,95,1,1.05263,Hungary,462,https://pbs.twimg.com/profile_images/753731898673917953/LAE-zpAS_normal.jpg
Jarjarbug,67,1,1.49254,Arizona,8483,https://pbs.twimg.com/profile_images/753769841148899328/4jg3ORV4_normal.jpg
Ilayna,100,2,2,Toronto,187,https://pbs.twimg.com/profile_images/747473877341704192/Vadj3nu3_normal.jpg
kkhae,82,1,1.21951,"KK City, Malaysia",1172,https://pbs.twimg.com/profile_images/752431770893594625/FlFfLVuR_normal.jpg
Kieranburt96,88,1,1.13636,none,426,https://pbs.twimg.com/profile_images/747499553910308869/mL9s9VSR_normal.jpg
Dr_Shahid,94,1,1.06383,Pakistan,6143,https://pbs.twimg.com/profile_images/752466651065491456/liGXXIgd_normal.jpg
Jud_alrafiden,71,1,1.40845,none,1629,https://pbs.twimg.com/profile_images/747411714526814208/MkarivRA_normal.jpg
afrispheric,89,1,1.1236,none,1306,https://pbs.twimg.com/profile_images/702226077138210816/vQZOpU1p_normal.png
JoumanaGebara,76,2,2.63158,Lebanon,6529,https://pbs.twimg.com/profile_images/737606800908771332/ap_wCxRQ_normal.jpg
DrIreneZempi,94,6,6.38298,none,1311,https://pbs.twimg.com/profile_images/744138447703670784/s0khc1WF_normal.jpg
ZayK__47,88,1,1.13636,Bella Noches ,533,https://pbs.twimg.com/profile_images/750493043917148164/5cGxb9X-_normal.jpg
bydefault,100,1,1,Twitty City,1625,https://pbs.twimg.com/profile_images/707627858647248896/TdTxFlqg_normal.jpg
mlat98,100,1,1,"Conway, South Cackalacka",2359,https://pbs.twimg.com/profile_images/421764051057016832/9dmbwyN2_normal.png
moinaksg,74,2,2.7027,India ,1899,https://pbs.twimg.com/profile_images/744723513693478912/ne7L8Jzz_normal.jpg
BevLover1,92,1,1.08696,Macon GA,1905,https://pbs.twimg.com/profile_images/678432440654917633/1WoKPcmR_normal.jpg
atif_isb,79,1,1.26582,Pakistan,280,https://pbs.twimg.com/profile_images/725712831006543872/qWJgnxPQ_normal.jpg
seanreyess,96,1,1.04167,none,610,https://pbs.twimg.com/profile_images/742081455719866368/uiI04g_K_normal.jpg
TheRichWilkins,79,1,1.26582,"Easton, PA",633,https://pbs.twimg.com/profile_images/749417842307661824/jXuw2Bg9_normal.jpg
ImaBelcher,100,3,3,Everywhere,162,https://pbs.twimg.com/profile_images/536315682900549632/-r4WXU0r_normal.jpeg
IvanAguilarFlo1,98,10,10.2041,puebla pue,194,https://pbs.twimg.com/profile_images/744715014586523649/rNZ7cInG_normal.jpg
lisaw6733,99,6,6.06061,none,241,https://pbs.twimg.com/profile_images/686656447728500737/7djqltKl_normal.jpg
AJshuaibu,100,1,1,nigeria,494,https://pbs.twimg.com/profile_images/736666062419288068/74xvixsU_normal.jpg
CygnusRR,89,4,4.49438,none,7,https://pbs.twimg.com/profile_images/752517350721597440/fts47xFB_normal.jpg
Ladybug014,97,1,1.03093,none,691,https://pbs.twimg.com/profile_images/3363521712/2cf48eae6d38c30b79f30a9580e72a64_normal.png
menniheinonen,90,4,4.44444,none,121,https://pbs.twimg.com/profile_images/670239810049728512/-EuL-jv9_normal.jpg
PolarNanuk,100,15,15,high up the Arctic,395,https://pbs.twimg.com/profile_images/643127821733392384/EXUwRiwm_normal.jpg
anabeltrero,90,7,7.77778,"weston, florida",52,https://pbs.twimg.com/profile_images/733494103023845377/nx2tJc2C_normal.jpg
DrAGPayne,100,5,5,"North Texas, SoCal, Japan",773,https://pbs.twimg.com/profile_images/555388999255093248/rZ3QpViH_normal.jpeg
RachTeaBiscuits,97,1,1.03093,scotland,838,https://pbs.twimg.com/profile_images/750849291070078976/Ej4yB0DI_normal.jpg
SreyesSusan,99,4,4.0404,none,24345,https://pbs.twimg.com/profile_images/624729251376304128/QHdVCmwN_normal.jpg
jojomojo243,91,5,5.49451,"England, United Kingdom",86,https://pbs.twimg.com/profile_images/749944918508994560/GC3nxjS8_normal.jpg
totemranch613,100,1,1,ottawa canada,1931,https://pbs.twimg.com/profile_images/640687499099025409/xTdHCpLk_normal.png
DavidDBlake,96,3,3.125,"London, England",35,https://pbs.twimg.com/profile_images/694498860979376129/1ZxtTfEe_normal.jpg
228pisces,96,1,1.04167,NYC,810,https://pbs.twimg.com/profile_images/750355183801143298/GCMeZQhZ_normal.jpg
vezzolini,100,2,2," ?? Port Townsend, Washington",2541,https://pbs.twimg.com/profile_images/754663225224900609/ck08Fj35_normal.jpg
TaijiBarbie,100,21,21,Japan ,1749,https://pbs.twimg.com/profile_images/723068801869307904/Y-hNuFF8_normal.jpg
BusterUSMC,99,2,2.0202,none,2174,https://pbs.twimg.com/profile_images/2360660076/rqw3giglhoauf37tsmvr_normal.jpeg
Tuur66,87,2,2.29885,Antwerpen,256,https://pbs.twimg.com/profile_images/646845426721816577/Xk-LKn9b_normal.jpg
Fabiana59790465,100,2,2,"Morón, Argentina",696,https://pbs.twimg.com/profile_images/685299715718692865/zRu1OFJt_normal.jpg
jmd28892,89,2,2.24719,"South Dakota, USA",641,https://pbs.twimg.com/profile_images/533720364799758336/Pbrl5TCj_normal.jpeg
jjcrool66,99,12,12.1212,"Heerlen, Nederland",80,https://pbs.twimg.com/profile_images/693081492487036929/L9sy5MfK_normal.jpg
KbgtVarga,99,1,1.0101,none,1804,https://pbs.twimg.com/profile_images/631421723754274816/F2aHmkbq_normal.jpg
mercredi72,100,1,1,none,1343,https://pbs.twimg.com/profile_images/556096183681040384/nSIBYE-x_normal.png
NoveloRenan,96,3,3.125,none,190,https://abs.twimg.com/sticky/default_profile_images/default_profile_2_normal.png
Victori20869960,100,1,1,none,600,https://abs.twimg.com/sticky/default_profile_images/default_profile_2_normal.png
bo_amel,93,3,3.22581,"Clermont-Ferrand, France",27,https://pbs.twimg.com/profile_images/748594630049021952/0mUcQp42_normal.jpg
SSnedHayman,97,3,3.09278,London,193,https://pbs.twimg.com/profile_images/690825189723095041/wNeB9Pkk_normal.jpg
Marybilare666,98,5,5.10204,"Kiruna, Sweden",1334,https://pbs.twimg.com/profile_images/750014637295407104/dnf3gSgB_normal.jpg
gooding_n,66,1,1.51515,"London, England",79,https://pbs.twimg.com/profile_images/735336564851679233/Xgp6N39y_normal.jpg
2Wrathel,100,3,3,Bronx,1155,https://pbs.twimg.com/profile_images/710209050764562432/CAlF-4Bw_normal.jpg
LucillaMiss,90,3,3.33333,none,7317,https://pbs.twimg.com/profile_images/749912189323059200/FD7-HM9g_normal.jpg
jazzilady2014,100,4,4,none,43,https://pbs.twimg.com/profile_images/491721708512870401/q7dyN5Jt_normal.png
MadeleineNiConc,96,3,3.125,"Baile Atha Cliath, Ireland",272,https://pbs.twimg.com/profile_images/667771181639081984/fvfgFDdo_normal.jpg
ColleenKriston,100,8,8,none,379,https://pbs.twimg.com/profile_images/750136460293079040/ODL_TOSp_normal.jpg
Inachiveg,96,4,4.16667,Parisienne et terrienne ,2149,https://pbs.twimg.com/profile_images/574951436238254081/mV0_9eVK_normal.jpeg
lahna_limam,92,1,1.08696,none,242,https://pbs.twimg.com/profile_images/700192893441540096/_btol3Ac_normal.jpg
ketty_colom,99,2,2.0202,none,266,https://pbs.twimg.com/profile_images/741263962226884608/k8wcQ2pY_normal.jpg
UnderYourTree,90,11,12.2222,Isle of Wight,654,https://pbs.twimg.com/profile_images/503689554360942592/L4CmolF3_normal.jpeg
AyeSanFairyAnne,81,5,6.17284,The Grim North.,545,https://pbs.twimg.com/profile_images/738797835986960386/I0SnxUvM_normal.jpg
charles116,91,1,1.0989,Brooklyn,1733,https://pbs.twimg.com/profile_images/710646831131168769/YUzHi35z_normal.jpg
jennywo21,71,1,1.40845,Boston ,95,https://pbs.twimg.com/profile_images/583773861361029122/FjTxhzF5_normal.jpg
adautopires,100,1,1,none,109,https://pbs.twimg.com/profile_images/471995989755043840/hTkw1Jh7_normal.jpeg
SmoutMarie,100,5,5,none,345,https://pbs.twimg.com/profile_images/612695903858724864/-1GnBP5a_normal.jpg
MadgesMom,100,2,2,washington dc,212,https://pbs.twimg.com/profile_images/3360159754/8f57a79700755278bd411269f4d10615_normal.jpeg
Phadra123,95,12,12.6316,none,187,https://pbs.twimg.com/profile_images/733277061649825792/SeaxDDpp_normal.jpg
JeanLucDPG,86,2,2.32558,where the vegan food is,344,https://pbs.twimg.com/profile_images/706432179887325184/kzqpzqI3_normal.jpg
mmmmm_Marie,74,4,5.40541,Germany,55,https://pbs.twimg.com/profile_images/743118019652661249/qC5cN_sF_normal.jpg
biebaroque,97,3,3.09278,underneath the laser lights.,490,https://pbs.twimg.com/profile_images/750871597251235840/KAchR_dD_normal.jpg
LooksGoodOnUTho,24,1,4.16667,none,105,https://pbs.twimg.com/profile_images/1171319273/Al2_normal.jpg
barbara_volkwyn,92,2,2.17391," Cape Town, South Africa",642,https://pbs.twimg.com/profile_images/527488183827574784/mGgQI-oF_normal.jpeg
earthian0504,95,2,2.10526,????,337,https://pbs.twimg.com/profile_images/490837346137284609/b03cGR2x_normal.png
Bennydog42,100,6,6,none,82,https://abs.twimg.com/sticky/default_profile_images/default_profile_4_normal.png
BallstonGarden,188,2,1.06383,"Town of Ballston, New York",248,https://pbs.twimg.com/profile_images/752653672207777792/ZUR3gtmy_normal.jpg
d0mi9,100,1,1,none,524,https://pbs.twimg.com/profile_images/614081664294199296/sR-RlK6m_normal.jpg
Cardel444,92,5,5.43478,"Montreal, Canada",417,https://pbs.twimg.com/profile_images/555758559833509888/mjqERIP__normal.jpeg
nadianboone,81,3,3.7037,"The Netherlands, Kurdistan",863,https://pbs.twimg.com/profile_images/706430534432509952/FZAegL9V_normal.jpg
claudiabriggs1,100,2,2,none,1074,https://pbs.twimg.com/profile_images/754449530397917185/eo4mPX-g_normal.jpg
junglefruits,98,1,1.02041,"South Yaamba, QLD",2597,https://pbs.twimg.com/profile_images/378800000373271649/7ac251d13c9aae29a131b862517de068_normal.png
13-Jun-05,90,1,1.11111, England,1443,https://pbs.twimg.com/profile_images/750940727883038720/9zX4-XrI_normal.jpg
colinmorgan1,100,1,1,London,9466,https://pbs.twimg.com/profile_images/1216968601/Copy_of_DSCF8991_normal.JPG
Knutcum,99,1,1.0101,none,380,https://pbs.twimg.com/profile_images/545142935683989505/JWED7daJ_normal.jpeg
SkiPoss,97,1,1.03093,Melbourne,2099,https://pbs.twimg.com/profile_images/753879385497665536/yxblH51A_normal.jpg
carranicki,80,4,5,none,316,https://pbs.twimg.com/profile_images/715909283733512193/7zLxxT2N_normal.jpg
angelavec69,98,3,3.06122,roma,517,https://pbs.twimg.com/profile_images/671956022488092672/dr7Agr4e_normal.jpg
jacknapier677,95,5,5.26316,none,690,https://pbs.twimg.com/profile_images/739917428168200192/Dk1ujkDo_normal.jpg
aliceca70,91,2,2.1978,none,174,https://pbs.twimg.com/profile_images/753662927572459520/jdPSAEyP_normal.jpg
WordAce1,97,3,3.09278,21st century garret,438,https://pbs.twimg.com/profile_images/652796315710189568/U21Td_0Y_normal.jpg
passionfish76,99,8,8.08081,south korea,253,https://pbs.twimg.com/profile_images/754478518428311552/7UKCnwXZ_normal.jpg
bjewing2,74,9,12.1622,"Holmesburg, Philadelphia",453,https://pbs.twimg.com/profile_images/462745913346519040/3J8zzkOy_normal.jpeg
TerribleTodd9,95,6,6.31579,United States,241,https://pbs.twimg.com/profile_images/749288584004399108/9j9LNk-z_normal.jpg
SpritEme,94,1,1.06383,Calamba city,9183,https://pbs.twimg.com/profile_images/745876680196108288/S-Jd707O_normal.jpg
dirac7,100,1,1,none,1047,https://pbs.twimg.com/profile_images/378800000395877021/81fe78cf4c0ae447f32d42fe9dc31f8d_normal.jpeg
Power25milk,99,5,5.05051,???,3830,https://pbs.twimg.com/profile_images/557463938980253696/seGhJV4W_normal.jpeg
LionHearts2016,90,6,6.66667,none,1469,https://pbs.twimg.com/profile_images/378800000421509060/e6b4a649c80b04ed01d4b7fa47985000_normal.jpeg
_skylarmiller,94,1,1.06383,GA,172,https://pbs.twimg.com/profile_images/739303829041086465/MxN82kdZ_normal.jpg
vinloren,79,1,1.26582,Pensionato,126,https://pbs.twimg.com/profile_images/623379807770783744/pFV9rkJ1_normal.jpg
silvermoon172,100,8,8,iowa,29,https://pbs.twimg.com/profile_images/457369171047632896/dMy9g4ob_normal.jpeg
Qfluya,99,4,4.0404,Argentina,1596,https://pbs.twimg.com/profile_images/576707627045953536/lTsta9zb_normal.jpeg
WarrenArend,75,2,2.66667,somerset,819,https://pbs.twimg.com/profile_images/747025263939190785/tOyxeL7B_normal.jpg
DestoRibelle,11,2,18.1818,none,160,https://pbs.twimg.com/profile_images/720104911355133952/DBhp6r5j_normal.jpg
VagKIown,45,3,6.66667,@snotrocketuno is bae,607,https://pbs.twimg.com/profile_images/754309526749229057/kkLfLGM2_normal.jpg
PapoRietpapo,88,5,5.68182,"Noord-Holland, Nederland",999,https://pbs.twimg.com/profile_images/727651783712112642/pkFPXdk1_normal.jpg
jmb1256,96,2,2.08333,"England, United Kingdom",307,https://pbs.twimg.com/profile_images/691689725040660480/9LqbXpij_normal.jpg
obwandiyag,100,3,3,none,167,https://pbs.twimg.com/profile_images/737700323737755649/dQA_ZQTX_normal.jpg
shellieRNCEN,100,2,2,USA,4606,https://pbs.twimg.com/profile_images/665619356307488768/uO_lT5AL_normal.jpg
DolphinSeeker30,99,2,2.0202,"Wales, United Kingdom",3336,https://pbs.twimg.com/profile_images/551387235359019008/L5HxPIzN_normal.jpeg
JanetCerdaC,100,2,2,"Melbourne, Australia",115,https://pbs.twimg.com/profile_images/378800000053215807/ecdca55758f0d74c827a37be788199b7_normal.png
TheBlueEyedBat,36,4,11.1111,upside down. In a cave. ,654,https://pbs.twimg.com/profile_images/3531775777/d2ff71eff9094182ae1b4ee883bf5473_normal.png
saveallanimals2,82,1,1.21951,USA,10435,https://pbs.twimg.com/profile_images/699049925523341313/WzSXLeUp_normal.jpg
OpRodeo,95,3,3.15789,Awesomeville,557,https://pbs.twimg.com/profile_images/742489234557272068/Ae7x7OQ9_normal.jpg
lasaguis,98,4,4.08163,none,1946,https://pbs.twimg.com/profile_images/378800000801793016/62b814fd2e5f09130a428f603103bdaf_normal.jpeg
BreatheCouture,138,18,13.0435,Vancouver Canada and Worldwide,3675,https://pbs.twimg.com/profile_images/443896534074019840/EVemePdZ_normal.jpeg
_FeralGirl,99,7,7.07071,Hellsville,1279,https://pbs.twimg.com/profile_images/734018673908666368/zB6FPql6_normal.jpg
BanTrophyHuntin,100,95,95,"UK, USA",1417,https://pbs.twimg.com/profile_images/591250049172168705/7KpiKueQ_normal.png
gabilalala1,100,1,1,Ciudad Autónoma de Buenos Aire,317,https://pbs.twimg.com/profile_images/751672160331202560/4s_9JxZ-_normal.jpg
Ibnealii,49,1,2.04082,Pakistan,1628,https://pbs.twimg.com/profile_images/754577038275665920/eIlXqnkP_normal.jpg
ProterozoicRock,52,1,1.92308,Searching ?????,1140,https://pbs.twimg.com/profile_images/753135303817359360/F_cHeNmc_normal.jpg
HashSlingingCas,99,7,7.07071,not in Night Vale,251,https://pbs.twimg.com/profile_images/737110323254042624/oW_R0rvX_normal.jpg
jgirl66,97,6,6.18557,"Hollywood, California USA",1740,https://pbs.twimg.com/profile_images/610366062995968001/s7rF0F4j_normal.jpg
_Chainz_up_,97,1,1.03093,???????,101,https://pbs.twimg.com/profile_images/752554980423368704/7jm5f0QY_normal.jpg
papressin,99,2,2.0202,none,200,https://pbs.twimg.com/profile_images/549501808507629568/y8qrbsfo_normal.jpeg
_Jane_Doe_13,90,6,6.66667,The Hellmouth,3962,https://pbs.twimg.com/profile_images/721799979447230465/2y-VSqTk_normal.jpg
MeZausted,97,2,2.06186,Scot in England,707,https://pbs.twimg.com/profile_images/738421606192709632/VlnvgSpu_normal.jpg
rufy4623,89,2,2.24719,none,1032,https://pbs.twimg.com/profile_images/750083540243607552/vIalSDhg_normal.jpg
LisJ72,76,1,1.31579,"Melbourne, Australia",367,https://pbs.twimg.com/profile_images/753255956616577024/_GTxjDyn_normal.jpg
klaasje20,100,2,2,none,1628,https://pbs.twimg.com/profile_images/685551124183662592/aNCQJ2P-_normal.jpg
createanewidea,98,5,5.10204,none,920,https://abs.twimg.com/sticky/default_profile_images/default_profile_2_normal.png
RagDollMagBlog,93,13,13.9785,none,2694,https://pbs.twimg.com/profile_images/700151309337387008/28iW6a3t_normal.png
Star_child2015,70,1,1.42857,Hell made by corrupt cps lies ,1351,https://pbs.twimg.com/profile_images/709941884181807104/KLHxd4dd_normal.jpg
PetsToLove,98,1,1.02041,"Miami, FL",2438,https://pbs.twimg.com/profile_images/567704514820468736/Ddd4GdYH_normal.jpeg
elizabethfais,98,2,2.04082,San Francisco Bay Area,1743,https://pbs.twimg.com/profile_images/683173655476482048/-IHM9tIh_normal.jpg
vinny_the_hack,44,1,2.27273,Toronto,15,https://pbs.twimg.com/profile_images/312074829/psycho13_normal.jpg
mariehelenefow1,98,1,1.02041,Abernant,161,https://pbs.twimg.com/profile_images/676117181822836745/uXS9DoFH_normal.jpg
rubberband_79,91,1,1.0989,"ÜT: -6.207942,106.605267",139,https://pbs.twimg.com/profile_images/665801649739407360/iOtFoRMI_normal.jpg
adopt_dont_buy,93,12,12.9032,  Maine USA,3144,https://pbs.twimg.com/profile_images/3226157772/6ae996176e8a72bc3d4765c8145a4110_normal.jpeg
WhickyWuudler,82,1,1.21951,UK,2269,https://pbs.twimg.com/profile_images/601450785960955904/RIMRn_ti_normal.png
fabi976,97,2,2.06186,Italy,794,https://pbs.twimg.com/profile_images/3735346723/2180b2e0d248e7d9f0da2895dc4c97ec_normal.jpeg
1389,100,1,1,"In an RV, USA",5015,https://pbs.twimg.com/profile_images/465199177551458304/yO3KLssv_normal.png
The_Animal_Team,93,6,6.45161,Nationwide,29363,https://pbs.twimg.com/profile_images/749663799465172992/byNBJe2Z_normal.jpg
Animal_Watch,92,5,5.43478,UK,54754,https://pbs.twimg.com/profile_images/550654836719779840/LsfTsRFE_normal.jpeg
Murphy2Gail,99,2,2.0202,United Kingdom,469,https://abs.twimg.com/sticky/default_profile_images/default_profile_5_normal.png
nickscats,100,4,4,USA,3172,https://pbs.twimg.com/profile_images/694930204813324288/W7Zs_kHT_normal.jpg
cagney1991,100,5,5,South Florida,3713,https://pbs.twimg.com/profile_images/739553886290120704/54KXSHHF_normal.jpg
RaniaGrant,100,2,2,none,454,https://pbs.twimg.com/profile_images/623367767085985792/MQcMoIvv_normal.jpg
JohannahCrooks,100,1,1,"Dublin,  CA",3351,https://pbs.twimg.com/profile_images/2988162604/caaa0ff31c5806a185416a35a13ca612_normal.jpeg
aroma_del,36,1,2.77778,none,436,https://pbs.twimg.com/profile_images/744688076186857472/NrNzPXA6_normal.jpg
Kyla78,99,1,1.0101,"Gloucestershire, England",664,https://pbs.twimg.com/profile_images/539101813018869761/1edpNrI4_normal.jpeg
DJindasky,100,1,1,none,831,https://pbs.twimg.com/profile_images/740450535766171649/VixDw9iA_normal.jpg
talhabinadnan,83,1,1.20482,Global Citizen,135,https://pbs.twimg.com/profile_images/718867736458342405/OeHgLVkw_normal.jpg
early_learner,95,1,1.05263,Scotland UK,385,https://pbs.twimg.com/profile_images/673961909088047106/NGD_CwT3_normal.jpg
AlessioTravers4,94,3,3.19149,Nibiru,546,https://pbs.twimg.com/profile_images/649307306576990208/iwUfXlWq_normal.jpg
zazabelou,100,3,3,Portugal,938,https://pbs.twimg.com/profile_images/463029640265596928/hwdWxvyb_normal.jpeg
jbwallace,99,8,8.08081,"Dallas, Texas",3282,https://pbs.twimg.com/profile_images/706335595623088130/WvUU7R7j_normal.jpg
tws_pk,73,2,2.73973,Lahore,607,https://pbs.twimg.com/profile_images/712759823121694720/v73M_O2B_normal.jpg
RP984,31,2,6.45161,"Southampton Hampshire, England",29,https://pbs.twimg.com/profile_images/378800000230372627/3a552b57fca393e395ba11afafeea6bf_normal.jpeg
phoebefruit,81,4,4.93827,"England, United Kingdom",410,https://pbs.twimg.com/profile_images/738502467403534341/yLRcEJKx_normal.jpg
xxxvip8xxx,100,1,1,none,84,https://pbs.twimg.com/profile_images/712487254783094784/JNHJYWbR_normal.jpg
DerKatzenfreund,100,2,2,"Bernau bei Berlin, Brandenburg",324,https://pbs.twimg.com/profile_images/606753395874119680/zpws-rVe_normal.jpg
pcaccessoryusa,100,1,1,none,193,https://pbs.twimg.com/profile_images/687411773541117952/tqkjPd4Q_normal.jpg
3DCharacterArt,99,7,7.07071,Republic of Croatia,1778,https://pbs.twimg.com/profile_images/661842074015264768/t2u0R6Kw_normal.jpg
TEXMAN17,97,1,1.03093,Papua New Guinea,100,https://pbs.twimg.com/profile_images/679672651728568321/_Yi3ArOJ_normal.jpg
RealMegParker,49,1,2.04082,"Traverse City, Michigan",254,https://pbs.twimg.com/profile_images/662512096949702656/x7MdNAFa_normal.jpg
MrNibbana,100,7,7,none,3634,https://pbs.twimg.com/profile_images/646984180463603712/H7C7XVvI_normal.png
TheMrGibs,100,40,40,"Venice Beach, California",140,https://pbs.twimg.com/profile_images/446875016198492160/M7av3mVb_normal.jpeg
donmsp8,92,1,1.08696,"Coral Terrace, FL",64,https://pbs.twimg.com/profile_images/714161221851807745/cVOm7wT-_normal.jpg
Carolinecarrots,89,1,1.1236,Sunderland UK,1400,https://pbs.twimg.com/profile_images/736179399188353024/kBKKQHPR_normal.png
tinkerpuss,66,3,4.54545,none,88,https://pbs.twimg.com/profile_images/673958023048638464/lgsFw4rD_normal.jpg
Zenkiid_,60,1,1.66667,Kurdistan,837,https://pbs.twimg.com/profile_images/754349395626393600/Zo3TcpmV_normal.jpg
IuvoSC,87,3,3.44828,Birmingham,665,https://pbs.twimg.com/profile_images/650694547618537472/--CcQxjD_normal.jpg
virginroa,98,16,16.3265,none,488,https://pbs.twimg.com/profile_images/683074310135791616/QIBPni7l_normal.jpg
Peopleriver,98,5,5.10204,Our Only World,1887,https://pbs.twimg.com/profile_images/344513261581555339/abc12ca35e9f56a2d49cc05c4e9e1802_normal.jpeg
humanrightsgrow,100,1,1,Weltweit,99611,https://pbs.twimg.com/profile_images/509841154955673600/kwWJhhxY_normal.png
KalmanHollo,99,1,1.0101,"Cegléd, Pest",1211,https://pbs.twimg.com/profile_images/682891501119115264/FFFyNS4s_normal.jpg
WendyESlater,100,1,1,"Vermont, USA",9508,https://pbs.twimg.com/profile_images/690215589097287680/n3F_zRUt_normal.jpg
Veranesser,42,1,2.38095,Sakha,225,https://pbs.twimg.com/profile_images/748795704575860738/g0PxZkGv_normal.jpg
BallstonGarden,188,2,1.06383,"Town of Ballston, New York",249,https://pbs.twimg.com/profile_images/752653672207777792/ZUR3gtmy_normal.jpg
valenmargosian,89,6,6.74157,"Montevideo, Uruguay.",2621,https://pbs.twimg.com/profile_images/750773723310022656/GS99R145_normal.jpg
WeesaLisa,99,4,4.0404,none,66,https://pbs.twimg.com/profile_images/680609317213573125/nr2oSnh7_normal.jpg
ckarr2,100,12,12,sw fl,756,https://pbs.twimg.com/profile_images/1320693180/ryder2_normal.jpg
SueSuevaughan,40,4,10,none,29,https://pbs.twimg.com/profile_images/489338543446036480/tSc7O3-5_normal.jpeg
ArabellaAnon,99,12,12.1212,Atlantis,482,https://pbs.twimg.com/profile_images/742742858143309825/QHQMVOsB_normal.jpg
rapha_thecute,91,5,5.49451,"London, England",238,https://pbs.twimg.com/profile_images/627436640303206400/3Pf37Zo8_normal.jpg
Phil_Baker_,61,1,1.63934,Devon & Essex,362,https://pbs.twimg.com/profile_images/739904635452981250/nKAAXizQ_normal.jpg
YogeshKhandke,95,10,10.5263,none,187,https://pbs.twimg.com/profile_images/471549282743357440/uuz4kDHR_normal.jpeg
ChristopherDug2,100,2,2,none,284,https://pbs.twimg.com/profile_images/753903618550591488/h4nDYcHs_normal.jpg
peterkross1,98,43,43.8776,none,2721,https://pbs.twimg.com/profile_images/575513842177835008/ek_BgVp6_normal.jpeg
danewssource,100,1,1,Neverland,368,https://pbs.twimg.com/profile_images/754562483420065792/0RzhcxZG_normal.jpg
abafna,60,1,1.66667,universe,724,https://pbs.twimg.com/profile_images/703098915260739584/-0680o0Q_normal.jpg
LouisacdPearle,100,1,1,"Smyrna, GA United States",758,https://pbs.twimg.com/profile_images/754664614890180608/WNpTcx1j_normal.jpg
DarkNorah1983,74,2,2.7027,Spain,19,https://pbs.twimg.com/profile_images/731833908455718912/A92-ysm6_normal.jpg
GeorgiaPL1,100,3,3,none,943,https://pbs.twimg.com/profile_images/458096407958659072/UZcwd93k_normal.jpeg
ReebarrRees,92,6,6.52174,Somewhere beyond the sea...,1901,https://pbs.twimg.com/profile_images/674045318166683648/pNlbj37T_normal.jpg
nathanebaker,100,2,2,Florida,9189,https://pbs.twimg.com/profile_images/378800000483098084/13cab7b9c56e04fa0a59e504909ce7b8_normal.jpeg
taylordauthor,41,2,4.87805,"Istanbul, Turkey",184,https://pbs.twimg.com/profile_images/691359521621544961/y53vmBhA_normal.jpg
ravensongdk,80,1,1.25,Luxembourg,1462,https://pbs.twimg.com/profile_images/146333183/c_w_wings1_normal.jpg
JeannieJersey,92,4,4.34783,on a dancefloor or on a rescue,272,https://pbs.twimg.com/profile_images/616087866188386308/d5G35alb_normal.jpg
MisartressMel,70,4,5.71429,London,1759,https://pbs.twimg.com/profile_images/378800000618601353/7cf88ae7d22c4fc24065693fa773bb6e_normal.jpeg
PoojaRanaTweets,68,2,2.94118,"New Delhi, India ",3513,https://pbs.twimg.com/profile_images/753305570514460678/EJ8Q_4GG_normal.jpg
michaeldolling,52,5,9.61539,New York,62,https://pbs.twimg.com/profile_images/2195912688/IMG_0423_normal.JPG
TeamTinoAR,100,8,8,none,330,https://pbs.twimg.com/profile_images/650245402424442880/K9g6-V4I_normal.png
dubkaon,98,3,3.06122,Ireland,160,https://pbs.twimg.com/profile_images/732227194261540864/JIfMRFK3_normal.jpg
MissDivaV,100,3,3,"Retirees,no culture SW Florida",340,https://pbs.twimg.com/profile_images/690754492355182592/oPqyXnGG_normal.jpg
SAVE_R_Animals,100,3,3,none,4145,https://pbs.twimg.com/profile_images/378800000597682156/22ebc5cbec51541d4f71de347b37f870_normal.jpeg
Adxnia_,71,1,1.40845,none,52,https://pbs.twimg.com/profile_images/753669551997394945/40UtzBf0_normal.jpg
nice_vegan,55,1,1.81818,none,95,https://pbs.twimg.com/profile_images/732263082018275329/15pTXxPm_normal.jpg
treasureCircle,96,1,1.04167,"New Jersey, USA & The World",302,https://pbs.twimg.com/profile_images/543174370625994752/gTqVpD-W_normal.jpeg
iamAM0n3,100,3,3,"Nova Scotia, Canada",125,https://pbs.twimg.com/profile_images/692319766988623872/xf3i9h5i_normal.jpg
JenniferGray78,91,2,2.1978,none,910,https://pbs.twimg.com/profile_images/509818977133268992/6yHhxO2g_normal.jpeg
Angelikh5,100,22,22,none,211,https://pbs.twimg.com/profile_images/195480592/xanthi_on_her_poof_normal.JPG
WylErmintrude,100,1,1,none,5,https://abs.twimg.com/sticky/default_profile_images/default_profile_2_normal.png
Serabbi,69,1,1.44928,none,2183,https://pbs.twimg.com/profile_images/378800000479258711/dee955a02b8bfa5bdcf1f4b2eacc2e4b_normal.jpeg
artyghok,97,7,7.2165,none,312,https://pbs.twimg.com/profile_images/701554318663688192/SbRZzZ25_normal.jpg
Anti_Blackfish1,100,2,2,"Oklahoma City, OK",113,https://pbs.twimg.com/profile_images/619663904386330624/QdUT9PEI_normal.jpg
pauladouglas25,86,1,1.16279,none,1414,https://pbs.twimg.com/profile_images/564161273907396609/p4P3MZAz_normal.jpeg
chrisdodin1,100,2,2,Villemomble....Paris,370,https://pbs.twimg.com/profile_images/529698732040679424/K-QYV6Lu_normal.jpeg
BCNRentFernando,100,4,4,"Barcelona, Spain",1182,https://pbs.twimg.com/profile_images/481471784521592832/7TNqKDDW_normal.jpeg
inmemoryoftyke,100,4,4,United Kingdom,169,https://pbs.twimg.com/profile_images/669935753611370496/K6pC4mak_normal.jpg
SherabLamo,100,2,2,"Germany, Hamburg",37,https://pbs.twimg.com/profile_images/520096641961824256/0UIRMDfK_normal.jpeg
JennKoDesign,89.72277633,3.597769935,3.850051901,Vancouver,1918.210475,https://pbs.twimg.com/profile_images/378800000167526714/2c1f288565cd72c8252e86dcd3d72239_normal.jpeg
