"Perez210Juan","74","1","1.35135","New York ","168","https://pbs.twimg.com/profile_images/415343406445916160/C-gCwmI4_normal.jpeg"
"gwenhinesgwen","48","1","2.08333","London","8","https://pbs.twimg.com/profile_images/754670807662505985/g8qSV3cZ_normal.jpg"
"commonwealthsec","97","1","1.03093","53 countries around the globe","27915","https://pbs.twimg.com/profile_images/484325936297308160/20xPOEAw_normal.jpeg"
"PScotlandCSG","93","1","1.07527","The Commonwealth","5983","https://pbs.twimg.com/profile_images/1500073732/mw14836_normal.jpg"
"pitterpnpp","99","1","1.0101","none","91","https://pbs.twimg.com/profile_images/644255607931994112/GcW1G-pu_normal.jpg"
"DorothyGithae","89","1","1.1236","none","1415","https://pbs.twimg.com/profile_images/463604881878573056/oNXdOSKs_normal.jpeg"
"gfedv","98","4","4.08163","London","1642","https://pbs.twimg.com/profile_images/1546692398/GFEDV_Twitter_Logo_normal.png"
"SlamMic2010","100","1","1","@FriedPotatoPres","1014","https://pbs.twimg.com/profile_images/563810023956959233/KqinzEH7_normal.jpeg"
"gerjbmurph","100","1","1","Cork, Ireland","4380","https://pbs.twimg.com/profile_images/652465672765747200/ojDKxsUA_normal.jpg"
"Lily_Bell82","62","1","1.6129","none","5282","https://pbs.twimg.com/profile_images/754301444589780993/FRwU-wLA_normal.jpg"
"AngelFury","89","45","50.5618","none","1074","https://pbs.twimg.com/profile_images/378800000332355423/253e392f1d2dbc8a38e00345c3e94c75_normal.jpeg"
"wisdomineed","97","4","4.12371","none","630","https://pbs.twimg.com/profile_images/754645190325866496/VvCsYp1V_normal.jpg"
"AVAproject","98","22","22.449","UK","7311","https://pbs.twimg.com/profile_images/459347367951486976/L05wq1j3_normal.jpeg"
"FaithAtheismNub","99","1","1.0101","none","1067","https://pbs.twimg.com/profile_images/725743571240914944/5d1EM5fU_normal.jpg"
"MojoGuitarPlaye","59","1","1.69492","none","363","https://pbs.twimg.com/profile_images/718847003359227905/ofUAep4N_normal.jpg"
"SelinaNThompson","90","1","1.11111","Leeds","2501","https://pbs.twimg.com/profile_images/727871857748262913/1ZB_JdVR_normal.jpg"
"lcorbett_IEJF","94","2","2.12766","Chicago, IL","289","https://pbs.twimg.com/profile_images/425370211458359296/QK2lHL7w_normal.jpeg"
"misssaraatrspt","88","33","37.5","@ the moment?  Online. ","3330","https://pbs.twimg.com/profile_images/2677330043/f3b82f17bf45d2bab588e9e721427c7a_normal.jpeg"
"AMORNEKHILI","100","1","1","Tunisia","1976","https://pbs.twimg.com/profile_images/713270676128333824/YUJa4P8C_normal.jpg"
"gingerbubbles73","54","3","5.55556","Exeter, Devon, England","820","https://pbs.twimg.com/profile_images/667484688446054400/rFbSLwQi_normal.jpg"
"femalestudents","78","5","6.41026","Zimbabwe","337","https://pbs.twimg.com/profile_images/509695897551122434/0uhtj3nl_normal.jpeg"
"gwfintegrity","94","13","13.8298","Riverside County","196","https://pbs.twimg.com/profile_images/378800000299097652/b70e4fa9a1d5ea8168fe22f0fe590caa_normal.jpeg"
"evepaludan","100","1","1","Mesa, AZ","62292","https://pbs.twimg.com/profile_images/615313726854463488/Uy6gq4g4_normal.jpg"
"ClaudiaAsesora","100","1","1","Latinoamerica/Bolivia","1548","https://pbs.twimg.com/profile_images/747697226617610241/pUOuvbH1_normal.jpg"
"AUkeibro","73","1","1.36986","Kentucky, USA","1320","https://pbs.twimg.com/profile_images/712629175325208577/Xth3VHrU_normal.jpg"
"marilocosta","97","1","1.03093","Los Angeles, California","1969","https://pbs.twimg.com/profile_images/748589467422777344/PFNLrtjM_normal.jpg"
"vvimvvauters","100","1","1","none","162","https://pbs.twimg.com/profile_images/493858206750236672/QgBGAbb5_normal.jpeg"
"nomoreslaves","100","2","2","Berlin, Germany","8842","https://pbs.twimg.com/profile_images/3361343815/46fdee9961f4755adf065ee7738e2940_normal.jpeg"
"PattyRJones","83","51","61.4458","Texas","343","https://pbs.twimg.com/profile_images/378800000843172991/b15d99a6ea25bfef9e5eb21b6bc1102c_normal.jpeg"
"DanielNavasSund","99","1","1.0101","Barcelona","1182","https://pbs.twimg.com/profile_images/2436813462/vf6sdezfhhuxaj0ybk39_normal.jpeg"
"Blossoming_Nova","100","1","1","none","233","https://pbs.twimg.com/profile_images/753739283018739712/MIsSWuvU_normal.jpg"
"Nastyness61","99","1","1.0101","Highland Mills, NY","2360","https://pbs.twimg.com/profile_images/689707047798050816/JB_rAAOO_normal.jpg"
"chanasar4gd","100","2","2","Karachi","998","https://pbs.twimg.com/profile_images/746440952097583104/qHfLw0uj_normal.jpg"
"SavingPromise","100","79","79","Washington, D.C.","4462","https://pbs.twimg.com/profile_images/378800000678927077/6dbe86d00a18d27046b5d965dbeadaea_normal.jpeg"
"SayNO_UNiTE","100","11","11","Global","68523","https://pbs.twimg.com/profile_images/676557125619879937/lGIyAU9q_normal.jpg"
"zesty_politics","100","1","1","Washington, DC","5932","https://pbs.twimg.com/profile_images/681292956918247424/Zg9vI_jb_normal.jpg"
"GenNextVoice","99","9","9.09091","Australia","3937","https://pbs.twimg.com/profile_images/581338681916547072/fmX1T7c9_normal.jpg"
"MargaretRiehl","100","1","1","Chicago","66","https://abs.twimg.com/sticky/default_profile_images/default_profile_0_normal.png"
"rainat7","96","1","1.04167","Warwick, RI (Rhode I$land)","1835","https://pbs.twimg.com/profile_images/690191688271200260/Yt4jENEa_normal.png"
"MemoryofJoseph","95","11","11.5789","none","248","https://pbs.twimg.com/profile_images/729671817108017152/mTesfy5X_normal.jpg"
"DVCCC_Freedom","100","75","75","Chester County, PA","1302","https://pbs.twimg.com/profile_images/1247373256/DVCCC_logo_normal.jpg"
"exhale2inhale","89","1","1.1236","NYC","294","https://pbs.twimg.com/profile_images/501926396059324416/MxR8WcJ8_normal.png"
"B28Blair","92","1","1.08696","none","1359","https://pbs.twimg.com/profile_images/545566087228575745/OtxLYOrS_normal.jpeg"
"DeSouzaRN","81","1","1.23457","Victoria, Australia","2508","https://pbs.twimg.com/profile_images/749459090804322304/xKGmnK3x_normal.jpg"
"mary_sayed","99","3","3.0303","none","888","https://pbs.twimg.com/profile_images/739603196050444288/6T9RaDwT_normal.jpg"
"back2meek","99","1","1.0101","none","6","https://pbs.twimg.com/profile_images/682219312585682945/DNfoaMYh_normal.jpg"
"tweet_tdas","93","3","3.22581","Old Trafford  Manchester","443","https://pbs.twimg.com/profile_images/423769027756822528/rjMs4Hvj_normal.jpeg"
"ppetrovdotnet","68","1","1.47059","Bulgaria","392","https://pbs.twimg.com/profile_images/536188544/digihood_normal.png"
"BintSnowWhite","92","1","1.08696","Where the sidewalk ends","217","https://pbs.twimg.com/profile_images/752913514944135169/9Lfsq41i_normal.jpg"
"bagelprincess","81","1","1.23457","NorCal","1150","https://pbs.twimg.com/profile_images/726476523985768448/3RbT7oRa_normal.jpg"
"FRCWC1","100","46","46","none","302","https://pbs.twimg.com/profile_images/2242547780/FRCWC_3Colorlogonotag_300x241_normal.jpg"
"liotier","98","1","1.02041","Paris, France","587","https://pbs.twimg.com/profile_images/70164950/fb_normal.jpg"
"phessler","83","1","1.20482","Berlin, Germany","1820","https://pbs.twimg.com/profile_images/612592366898298880/u0Gi4GrD_normal.jpg"
"AusFamilyLaw","100","4","4","Melbourne, Victoria, Australia","232","https://pbs.twimg.com/profile_images/749058280102649856/o22vl3fq_normal.jpg"
"LiveVegan","83","1","1.20482","S.E Tasmania","3487","https://pbs.twimg.com/profile_images/573029295066497024/o0xT_5OU_normal.png"
"marieannswift","84","1","1.19048","Birmingham UK","2116","https://pbs.twimg.com/profile_images/3446660724/302f4c04b920660b08fb239d69ab0b74_normal.jpeg"
"AnnikaSpalding","98","4","4.08163","Birmingham, UK","1325","https://pbs.twimg.com/profile_images/748977274083508225/s76kmXBw_normal.jpg"
"andazz","84","1","1.19048","Malta","253","https://pbs.twimg.com/profile_images/667939610610282496/RmgAXG7J_normal.jpg"
"MumsnetTowers","100","1","1","Everywhere","132812","https://pbs.twimg.com/profile_images/605378758422306817/Sdwu0ZhB_normal.png"
"paultrueman74","76","1","1.31579","North Devon","2101","https://pbs.twimg.com/profile_images/691959894505840644/vGYlNXDH_normal.png"
"cezzabean","83","1","1.20482","Brussels and Birmingham","1054","https://pbs.twimg.com/profile_images/732267965140242433/vGizXKom_normal.jpg"
"BlovedWanderer","88","1","1.13636","Canada","214","https://pbs.twimg.com/profile_images/718053335845089280/4i8Cm24-_normal.jpg"
"hillsideheather","96","1","1.04167","scotland","1172","https://pbs.twimg.com/profile_images/669447418165993472/5I9QWeom_normal.png"
"CAUTION_Ratchet","98","1","1.02041","somewhere daydreaming ","1757","https://pbs.twimg.com/profile_images/625014906144866304/3cSmYFoZ_normal.jpg"
"AfterAFairGo","65","3","4.61538","none","38","https://pbs.twimg.com/profile_images/750959138042023936/n00mGSWC_normal.jpg"
"womanstrust","88","12","13.6364","London, UK","4138","https://pbs.twimg.com/profile_images/2700628968/86b9b05b18df122b81bc034e2e6658ae_normal.jpeg"
"QOHfoundation01","98","4","4.08163","Penrith NSW","876","https://pbs.twimg.com/profile_images/605732165171609600/yhwja3Om_normal.jpg"
"FoundationQOH","99","2","2.0202","Penrith , NSW","417","https://pbs.twimg.com/profile_images/501153560277438465/dEVZaAE5_normal.jpeg"
"DVhurts","85","1","1.17647","Humberside, United Kingdom","178","https://pbs.twimg.com/profile_images/657884498395308032/GUopdMb5_normal.png"
"jenren5977","28","1","3.57143","Bowling Green, KY","386","https://pbs.twimg.com/profile_images/710019956524638208/fYt9tZ2__normal.jpg"
"Salmychavin","94","1","1.06383","Southern California","258","https://pbs.twimg.com/profile_images/642703652369465344/kTo4y8KN_normal.jpg"
"SaxonTheHound","54","1","1.85185","Melbourne ","520","https://pbs.twimg.com/profile_images/733898982355652608/-TF0sptK_normal.jpg"
"missnisha6849","100","1","1","none","2386","https://pbs.twimg.com/profile_images/723536270912196608/WzrEGCyY_normal.jpg"
"coralyonswriter","84","12","14.2857","none","236","https://pbs.twimg.com/profile_images/750165922619461632/2EaUDGIL_normal.jpg"
"SecularWoman","100","1","1","USA","4303","https://pbs.twimg.com/profile_images/616061262045163520/7qhFGZ9D_normal.jpg"
"05_ashton","63","1","1.5873","Earth | Oceania | Australia ","622","https://pbs.twimg.com/profile_images/650929130070904832/OvsMt6Lo_normal.jpg"
"thouautumn","100","1","1","none","2640","https://pbs.twimg.com/profile_images/2338616423/pkgqlfbeisrk4a1fgh6z_normal.png"
"SueFerg12827101","92","1","1.08696","none","1106","https://pbs.twimg.com/profile_images/690504319565594624/vDDjnRpY_normal.jpg"
"LionsTalk","86","1","1.16279","New York City","592","https://pbs.twimg.com/profile_images/676394445970014208/Zr3BxdkU_normal.jpg"
"rixonl44","67","1","1.49254","Sunshine Coast, Queensland, Au","285","https://pbs.twimg.com/profile_images/729176148572151809/Q67I2yV4_normal.jpg"
"ABCNews24","95","1","1.05263","Australia","399560","https://pbs.twimg.com/profile_images/1463058579/24_Twitter_Avatar_normal.jpg"
"h_ingo","84","1","1.19048","Finland","1462","https://pbs.twimg.com/profile_images/625570820685869056/ELlr79qv_normal.jpg"
"LybergIngrid","99","1","1.0101","Sverige","42","https://pbs.twimg.com/profile_images/730026382663749632/ervK2jBD_normal.jpg"
"klctwit","99","1","1.0101","Sydney, New South Wales","153","https://pbs.twimg.com/profile_images/508997789091504128/5YPahnfg_normal.jpeg"
"Natwritesstuff","51","1","1.96078","Surrey","1295","https://pbs.twimg.com/profile_images/744242758412570624/WdmFQPfb_normal.jpg"
"AuskarSurbakti","91","1","1.0989","Australia","15712","https://pbs.twimg.com/profile_images/749843749342023680/KVBnlcXd_normal.jpg"
"fathima_rf","100","1","1","Distrito Federal, México","821","https://pbs.twimg.com/profile_images/747461413212327936/q7NQwB2t_normal.jpg"
"michaeldexter","75","1","1.33333","Usually Portland, Oregon","1440","https://pbs.twimg.com/profile_images/3495544762/0a9b1f83e3f55de453255b5dae044a47_normal.jpeg"
"fegggari","100","1","1","none","2650","https://pbs.twimg.com/profile_images/751048932529176577/diOWOG0f_normal.jpg"
"menseekjustice","52","1","1.92308","Bangalore","1527","https://pbs.twimg.com/profile_images/676325709/MensRights_normal.png"
"colingarrow","99","1","1.0101","Kinneff, Scotland","6374","https://pbs.twimg.com/profile_images/727066040073654274/8yYUpjZZ_normal.jpg"
"EmilToth","95","1","1.05263","South Bend, Indiana","2462","https://pbs.twimg.com/profile_images/536884152876806144/11eEsWWi_normal.jpeg"
"ievuncijus","2","1","50","none","2","https://pbs.twimg.com/profile_images/690693640780386305/vutnzdiK_normal.jpg"
"LightSolar","98","1","1.02041","Washington,D.C, East Africa","1830","https://pbs.twimg.com/profile_images/1123245438/sun_01_normal.png"
"_TOUGH_GIRL","99","4","4.0404","United Kingdom","4882","https://pbs.twimg.com/profile_images/700665227528908800/d6v0h5oi_normal.jpg"
"Mark_Kido","93","1","1.07527","none","2289","https://pbs.twimg.com/profile_images/754416925036478464/SfzQu08v_normal.jpg"
"JoanneRaymond3","100","2","2","none","80","https://pbs.twimg.com/profile_images/675079505019600896/C5tjCYFt_normal.jpg"
"aranchasiguenza","97","1","1.03093","España-Madrid","200","https://pbs.twimg.com/profile_images/590211805470916608/iTIzbPOz_normal.jpg"
"kyna_adnan","91","1","1.0989","none","89","https://pbs.twimg.com/profile_images/716404291494281216/xAyYYpOf_normal.jpg"
"Barbahella","86","1","1.16279","Chiswick","814","https://pbs.twimg.com/profile_images/717969846059810816/YehADaCq_normal.jpg"
"adrianjesudasan","100","2","2","Sri Lanka","231","https://pbs.twimg.com/profile_images/691287932779393024/sG9EOlm1_normal.jpg"
"womenforwomenUK","82","2","2.43902","United Kingdom","18500","https://pbs.twimg.com/profile_images/544866421503582209/uzBo0BHz_normal.jpeg"
"TandWMayor","97","2","2.06186","Telford & Wrekin, England","90","https://pbs.twimg.com/profile_images/736118357255192576/cLyvVdR3_normal.jpg"
"aarzootv24","100","1","1","Chandigarh, India","1","https://pbs.twimg.com/profile_images/705399632424120320/k-CHntUI_normal.jpg"
"komaltv24","100","1","1","Chandigarh, India","1","https://pbs.twimg.com/profile_images/705400417874632704/hQvAWXkF_normal.jpg"
"Divyaverma00131","99","1","1.0101","none","5","https://pbs.twimg.com/profile_images/721339045973004288/ow50a5gN_normal.jpg"
"Divine_T","100","1","1","New Delhi, Mumbai. ","2179","https://pbs.twimg.com/profile_images/378800000375275352/4a29132be2268b815888792e2ecb7d1f_normal.jpeg"
