"friday_releases","90","2","2.22222","none","5","https://pbs.twimg.com/profile_images/621628998351589377/nPFFG1-e_normal.jpg"
"Priyal__Patel","90","2","2.22222","Ahmedabad, India","58","https://pbs.twimg.com/profile_images/530231759083151360/7RJpk4bX_normal.jpeg"
"nileshpatel4935","90","2","2.22222","Ahmedabad","11","https://pbs.twimg.com/profile_images/651081739196993536/EQYWLwcS_normal.jpg"
"NewAgeCinema","90","1","1.11111","India","27","https://pbs.twimg.com/profile_images/378800000525168401/5a62b84dab63b9421540abf3e31c6de7_normal.jpeg"
"yeslostandfound","100","1","1","none","140","https://pbs.twimg.com/profile_images/717966856565329921/8V7pQ2ds_normal.jpg"
"vijal_gupta","90","2","2.22222","Gujarat, India ","18","https://pbs.twimg.com/profile_images/665019128693006336/YsqPoeln_normal.jpg"
"TriMobileDental","84","1","1.19048","Chapel Hill, NC","36","https://pbs.twimg.com/profile_images/748200661511245824/t7Y8nap5_normal.jpg"
"just_garlic","100","11","11","Northampton, England","5595","https://pbs.twimg.com/profile_images/730677576910422016/g3Vrpm8L_normal.jpg"
"fightingfit4eva","100","2","2","Northampton, England","3641","https://pbs.twimg.com/profile_images/737940777087565824/Ram3owwQ_normal.jpg"
"oldagetweets","99","9","9.09091","New Delhi","57","https://pbs.twimg.com/profile_images/587910075936718848/Xpxg42Cb_normal.png"
"nutritiousmenu","100","10","10","Northampton, England","2727","https://pbs.twimg.com/profile_images/740426380484222977/df2pFqg-_normal.jpg"
"hendren3lh","100","5","5","Oceanside, CA","163","https://pbs.twimg.com/profile_images/747133275026513920/B0-9YUQo_normal.jpg"
"youcanbhealthy","100","5","5","Northampton, UK","40386","https://pbs.twimg.com/profile_images/597507145500925953/gnHc2IXn_normal.jpg"
"room2care","99","5","5.05051","Miami, FL","974","https://pbs.twimg.com/profile_images/501682374262800384/X2Z7PIhu_normal.jpeg"
"BHaigh1","80","2","2.5","none","10","https://pbs.twimg.com/profile_images/420550107340107776/8BXOrwg2_normal.jpeg"
"perrynitaj","82","1","1.21951","Tooele, UT","402","https://pbs.twimg.com/profile_images/652153760043524096/NLNrDxg4_normal.jpg"
"eCare21","95","3","3.15789","US","742","https://pbs.twimg.com/profile_images/568993518035533824/3ErxnEdB_normal.jpeg"
"nctrianglegirl","52","2","3.84615","Raleigh, NC","115","https://pbs.twimg.com/profile_images/745704629623750657/Ok2pAmHE_normal.jpg"
"LeedsLoversUK","100","1","1","Leeds, England","7204","https://pbs.twimg.com/profile_images/619086846660870144/rHCgGrgV_normal.jpg"
"BigFreeDir","99","1","1.0101","England, United Kingdom","2734","https://pbs.twimg.com/profile_images/674335553677074433/D6uZzpCM_normal.jpg"
"TweetYourLeeds","100","3","3","Leeds, West Yorkshire","1161","https://pbs.twimg.com/profile_images/553502306646257664/zulXyXi2_normal.jpeg"
"LeedsReTweet","100","4","4","Leeds, Yorkshire","3322","https://pbs.twimg.com/profile_images/378800000301884959/030452fdddd13d8ad32da858fe452b1d_normal.jpeg"
"BluebirdCareLDS","58","1","1.72414","Leeds, uk","2212","https://pbs.twimg.com/profile_images/378800000088822989/c622edeebe86455745bdb23ae5af8c98_normal.jpeg"
"intratelecare","69","1","1.44928","National ","204","https://pbs.twimg.com/profile_images/730480715096326145/S8HDIwkT_normal.jpg"
"seniorshelf","100","1","1","Mumbai","62","https://pbs.twimg.com/profile_images/378800000263371786/452ba54c179309835d860e1e87fbdab7_normal.png"
"RightatHomeWM","100","5","5","West Midland (S) 0121 363 0046","249","https://pbs.twimg.com/profile_images/515128521690071041/jzSnqjLY_normal.jpeg"
"matchainfo","100","5","5","Northampton, England","2693","https://pbs.twimg.com/profile_images/740829285120937984/my40jPIX_normal.jpg"
"maggke","92","2","2.17391","ATL","570","https://pbs.twimg.com/profile_images/723951616039092224/gZSswLTK_normal.jpg"
"AdvanceatHomePT","100","5","5","New Hyde Park, NY","149","https://pbs.twimg.com/profile_images/624934137665748992/Lbbkwskt_normal.png"
"ecareplan","100","4","4","Yorkshire and The Humber","763","https://pbs.twimg.com/profile_images/677799059269148672/f6sD2fts_normal.jpg"
"Fusion4Care","100","5","5","Yorkshire","509","https://pbs.twimg.com/profile_images/751070806680150020/TY4R23K0_normal.jpg"
"TheJackieBrook","92","5","5.43478","Yorkshire","2380","https://pbs.twimg.com/profile_images/749950985762725889/-dsy535C_normal.jpg"
"CINBlog","100","8","8","UK","11331","https://pbs.twimg.com/profile_images/654591995147644928/jpQrnTYu_normal.jpg"
"HomeHlprsWBronx","86","6","6.97674","West Bronx, NY","491","https://pbs.twimg.com/profile_images/712274053634125825/NPJaDER7_normal.jpg"
"Fincch_","94","3","3.19149","United Kingdom","253","https://pbs.twimg.com/profile_images/677073124660281344/aktuUNwt_normal.png"
"CareShow","99","3","3.0303","Birmingham, England","4457","https://pbs.twimg.com/profile_images/695610914473668608/2u_cTvIV_normal.png"
"jasmin15862761","100","1","1","BANGALORE, INDIA","2504","https://pbs.twimg.com/profile_images/378800000603579053/e43885bebc30b0445e395be0d351e209_normal.jpeg"
"deepakkhatri812","100","4","4","Chhattisgarh, India","1034","https://pbs.twimg.com/profile_images/717804141825753088/MZNelp8Q_normal.jpg"
"SCBALAS1975","89","3","3.37079","Longwood, FL","22","https://pbs.twimg.com/profile_images/733370235470909441/eCC0n4FQ_normal.jpg"
"Bediadom","98","12","12.2449","none","36","https://pbs.twimg.com/profile_images/478973238635020288/jf4Fiue1_normal.jpeg"
"Egoyibo_","68","5","7.35294","Hull, England","1484","https://pbs.twimg.com/profile_images/746405226631016449/yyKyL2Cf_normal.jpg"
"KokoCort","77","4","5.19481","Where the sidewalk ends","570","https://pbs.twimg.com/profile_images/753392776079896576/eHYWRCEX_normal.jpg"
"Panhandlebound","90","3","3.33333","none","726","https://pbs.twimg.com/profile_images/700518299549839360/WUV0OC8K_normal.jpg"
"WeinerMcCulloch","99","7","7.07071","Houston, TX","134","https://pbs.twimg.com/profile_images/1606477834/3841477_1_normal.jpg"
"BDOttewill","95","2","2.10526","Waterloo, ON","100","https://pbs.twimg.com/profile_images/719595665584730112/_wV8OlEi_normal.jpg"
"Kuntreehart1","99","7","7.07071","Missouri, USA","44","https://pbs.twimg.com/profile_images/753365831204036608/-Hua35oW_normal.jpg"
"lindasalcfas","100","2","2","new jersey","328","https://pbs.twimg.com/profile_images/638497680860155904/SexuX3ox_normal.png"
"NextAvenue","100","1","1","none","17009","https://pbs.twimg.com/profile_images/2120739903/Twitter_NextAve-1_normal.png"
"UANurseResearch","100","6","6","Edmonton, Alberta, Canada","625","https://pbs.twimg.com/profile_images/530096221772197888/RfnrUEFu_normal.jpeg"
"AlbertaRNs","100","1","1","Alberta","2115","https://pbs.twimg.com/profile_images/712750016377409537/DeBSAqZ2_normal.jpg"
"hcomnews","100","1","1","New York, NY","532","https://pbs.twimg.com/profile_images/378800000144009557/d96de60e57537d383b43eb59a153e05f_normal.jpeg"
"Aging_Society","99","6","6.06061","Washington, DC","14384","https://pbs.twimg.com/profile_images/802797461/Academy_Logo_normal.jpg"
"GeroAmericano","90","4","4.44444","Pittsburgh","2080","https://pbs.twimg.com/profile_images/735343545465360386/XJHigO-v_normal.jpg"
"sajuks","95","2","2.10526","Mumbai, India","11255","https://pbs.twimg.com/profile_images/3555059467/d8276226526c4e1d75a61e8f621c7284_normal.jpeg"
"Elder_Lucky","84","2","2.38095","          Isle of the Blessed","1192","https://pbs.twimg.com/profile_images/753842029281415173/b1zphkD4_normal.jpg"
"sharmanhand1975","100","1","1","????","160","https://pbs.twimg.com/profile_images/740198408284053504/DXRCzaap_normal.jpg"
"Adrianuve","92","3","3.26087","none","209","https://pbs.twimg.com/profile_images/720318333879496705/KkMrbvLc_normal.jpg"
"asmith1024","91","2","2.1978","Melbourne, Australia","73","https://pbs.twimg.com/profile_images/1063064832/Profile_normal.jpg"
"moto26261","64","2","3.125","United Kingdom","1081","https://pbs.twimg.com/profile_images/657187692816412672/KFUAeFi1_normal.png"
"DiverseROCKSTAR","100","7","7","Melbourne, Victoria","242","https://pbs.twimg.com/profile_images/706460376418783234/4ZvowQLm_normal.jpg"
"Bhavna_Sa","98","3","3.06122","OZ","1234","https://pbs.twimg.com/profile_images/730238482879152129/ZWKCcCUn_normal.jpg"
"lexie_elder","93","1","1.07527","none","241","https://pbs.twimg.com/profile_images/750092932074450944/KW1JOy4D_normal.jpg"
"Wombatfinance","86","5","5.81395","Sydney and the happy islands.","3352","https://pbs.twimg.com/profile_images/971138556/9wombat_normal.jpg"
"andrewhahalee","91","1","1.0989","ÃœT: 1.340447,103.704648","489","https://pbs.twimg.com/profile_images/736160026679607297/3QT-D4JX_normal.jpg"
"MorpheusUnderwo","13","1","7.69231","Kevin's Ego","248","https://pbs.twimg.com/profile_images/597369307543113728/AdF8wkl9_normal.jpg"
"BruhnRose","91","7","7.69231","none","4116","https://pbs.twimg.com/profile_images/469491360228069376/zNv49Oih_normal.jpeg"
"valgms","100","1","1","Australia","546","https://pbs.twimg.com/profile_images/497582339333976065/ZZHh-GsC_normal.jpeg"
"evolvox","94","1","1.06383","Victoria","171","https://pbs.twimg.com/profile_images/2736571517/c66974293ac167c6d107e9dba8d44ebe_normal.jpeg"
"Hught2aswell","79","9","11.3924","A world minus radical freaks","68","https://pbs.twimg.com/profile_images/711303724224765952/m1kuebZO_normal.jpg"
"chadarmy","31","2","6.45161","Australia","50","https://pbs.twimg.com/profile_images/2292122591/pxgr4oq7e795fnmbck97_normal.jpeg"
"SidFarked","92","2","2.17391","Gaborone, Botswana","567","https://pbs.twimg.com/profile_images/748836538516054016/RstGLrr9_normal.jpg"
"kramphillips","99","4","4.0404","Queensland, Australia","398","https://pbs.twimg.com/profile_images/631407826259218432/vlFsRMPs_normal.jpg"
"gtperkins","96","6","6.25"," Australia ","235","https://pbs.twimg.com/profile_images/378800000603367513/7a79f03fe8cc44731533fa82028afdac_normal.jpeg"
"HallRaelene","80","3","3.75","Meekatharra, Western Australia","443","https://pbs.twimg.com/profile_images/723299844765282304/sCYUXwlO_normal.jpg"
"826Maureen","76","2","2.63158","RIVERINA. NSW ","1533","https://pbs.twimg.com/profile_images/754157786968174593/uxl9qXuy_normal.jpg"
"SharonUren","92","5","5.43478","Australia","3224","https://pbs.twimg.com/profile_images/728817617427824640/3kfiHbSF_normal.jpg"
"brown01932643","74","3","4.05405","none","68","https://pbs.twimg.com/profile_images/749906139060400129/aBROnGVH_normal.jpg"
"OZzSue","64","4","6.25"," Australia","5456","https://pbs.twimg.com/profile_images/750271342730092544/4vk_dNBC_normal.jpg"
"davidmatheson27","100","2","2","Victoria, Australia","1149","https://pbs.twimg.com/profile_images/750167443331395585/vRLP8GUO_normal.jpg"
"basham8888","96","3","3.125","none","1351","https://pbs.twimg.com/profile_images/439928916128456704/3KEmyw6x_normal.jpeg"
"pisst1","72","2","2.77778","none","237","https://pbs.twimg.com/profile_images/650522774612512768/bNEGTuAR_normal.jpg"
"mes_alliance","47","1","2.12766","none","421","https://pbs.twimg.com/profile_images/683423204652613632/9T8kwDrO_normal.jpg"
"dennazzdennis","12","3","25","none","20","https://abs.twimg.com/sticky/default_profile_images/default_profile_4_normal.png"
"artofrandomness","89","3","3.37079","Brisbane, Queensland","151","https://pbs.twimg.com/profile_images/726571681670557696/Rhc06IVh_normal.jpg"
"jmnorwood","92","1","1.08696","London, Ontario","159","https://pbs.twimg.com/profile_images/751190400623218688/MgEHy-7B_normal.jpg"
"LittleWombat666","78","7","8.97436","#opBEAST #TeamTommy #LOLislam","8472","https://pbs.twimg.com/profile_images/590707445514838017/tIVwKo6-_normal.png"
"MartinVine4","96","6","6.25","none","56","https://pbs.twimg.com/profile_images/637565550277693440/5dlWW8YE_normal.jpg"
"BellzWebster","99","8","8.08081","Australia","776","https://pbs.twimg.com/profile_images/571234492203823104/mriCN8hp_normal.jpeg"
"LibbyRafferty","96","4","4.16667","none","688","https://pbs.twimg.com/profile_images/604802854151323648/aV3TsLZ-_normal.jpg"
"mosttattooedguy","79","1","1.26582","(she/her)","911","https://pbs.twimg.com/profile_images/752957525188718592/y2jAH3Fj_normal.jpg"
"kmbsk80","99","8","8.08081","STRAYA mate! ","928","https://pbs.twimg.com/profile_images/750444328086966272/-iYZVOEm_normal.jpg"
"semajsenrab72","73","2","2.73973","Bexley North, Sydney","139","https://pbs.twimg.com/profile_images/690278400016056320/5xiGvw1S_normal.jpg"
"ToomeyWright","29","2","6.89655","Queenscliff, Victoria, Aust.","838","https://pbs.twimg.com/profile_images/378800000574370953/8d7fd2d4cd6877cd13a36561a010fb6f_normal.png"
"bchcomber","98","4","4.08163","an island in the Coral Sea","2262","https://pbs.twimg.com/profile_images/1811787028/gdpit_com_1224519_224_normal.jpg"
"BevForte","81","4","4.93827","none","986","https://pbs.twimg.com/profile_images/750103634910687232/ozV5roFC_normal.jpg"
"1Swinging_Voter","86","3","3.48837","ALP Being Exposed ","720","https://pbs.twimg.com/profile_images/745034447494348800/vhPs79wE_normal.jpg"
"TechArtDiva","89","2","2.24719","The Big Apple #NYC","1293","https://pbs.twimg.com/profile_images/378800000039518275/8cdd56019f685d12f7a66e06509e26bb_normal.png"
"vanbadham","49","1","2.04082","Melbourne, Victoria","38467","https://pbs.twimg.com/profile_images/687050989304598528/kl7jNeyv_normal.jpg"
"PiinkMonroe","99","1","1.0101","IG: piinkmonroe","675","https://pbs.twimg.com/profile_images/749019913348677632/XaplTNTO_normal.jpg"
"Lisa_J_Whop","98","3","3.06122","Brisbane ","185","https://pbs.twimg.com/profile_images/727246081570967552/F3DMIFkm_normal.jpg"
"broderick_elder","93","1","1.07527","Sullivan, IL","324","https://pbs.twimg.com/profile_images/622987599670603778/0qH_lbPT_normal.jpg"
"_Oh_NaNa_","96","1","1.04167","none","1686","https://pbs.twimg.com/profile_images/602273598741557248/qf-ujjaM_normal.png"
"Lokimarvelmovie","100","4","4","none","2","https://pbs.twimg.com/profile_images/378800000750564750/a1618ef868866bdd6aeae0ac7bdefee5_normal.jpeg"
"LynoreGeia","95","5","5.26316","Palm Island & Townsville, Qld","2425","https://pbs.twimg.com/profile_images/344513261575709541/31c951a3a8aa115af57dc3c54d887349_normal.jpeg"
"OpeyemiDuke","94","5","5.31915","Abuja, Nigeria","844","https://pbs.twimg.com/profile_images/643891682199650304/aI4HW6FQ_normal.jpg"
"ColleenLavelle1","91","4","4.3956","QLD","707","https://pbs.twimg.com/profile_images/446520586953424896/g8ymQljO_normal.jpeg"
"3GetHealthy","100","5","5","none","6769","https://pbs.twimg.com/profile_images/644255137251225600/PcaL1j51_normal.jpg"
"drjamieudoh","98","6","6.12245","none","182","https://pbs.twimg.com/profile_images/576447127196422144/4d3QJT4i_normal.jpeg"
"vanesuuhh","77","2","2.5974","none","462","https://pbs.twimg.com/profile_images/731603654080221185/mn3kAmYw_normal.jpg"
"_sophiecles","77","2","2.5974","Austin // Appleton","74","https://pbs.twimg.com/profile_images/707449162074300416/d9Z3s0DC_normal.jpg"
"__TianaaaRenaee","88","2","2.27273","none","924","https://pbs.twimg.com/profile_images/754101906235097088/PnwAy-dE_normal.jpg"
"First_timeuser","57","1","1.75439","Derbyshire England","1440","https://pbs.twimg.com/profile_images/590473168982306816/nUVtHvuC_normal.jpg"
"lexi_elder","93","1","1.07527","in bed","538","https://pbs.twimg.com/profile_images/749130245844836352/mDUJxf3k_normal.jpg"
"gbemy01","91","1","1.0989","                          ","7332","https://pbs.twimg.com/profile_images/729995617196478464/PS0FPVZP_normal.jpg"
"sunnywinehousse","94","1","1.06383","on my way back.","681","https://pbs.twimg.com/profile_images/704635757957353473/4fmIGPii_normal.jpg"
"naijateddy","93","4","4.30107","Lagos, Nigeria","1212","https://pbs.twimg.com/profile_images/739161472958369793/OPI6wuYR_normal.jpg"
"shruthidimpy98","99","3","3.0303","Deepveer Land","824","https://pbs.twimg.com/profile_images/753516961863045120/hvWi_kzh_normal.jpg"
"PS_Maja","92","2","2.17391","Johannesburg","380","https://pbs.twimg.com/profile_images/745551592909266944/8fvHYJ2r_normal.jpg"
"ArtsCultureSA","96","8","8.33333","South Africa","271614","https://pbs.twimg.com/profile_images/3703836393/e5fe5aa20f0a273e980a0f9f27132c15_normal.jpeg"
"Karen_Mc20","73","1","1.36986","North East, UK ","1332","https://pbs.twimg.com/profile_images/718315977029652481/Bv1Khchv_normal.jpg"
"TankiEm","87","5","5.74713","Street Mag Media","2677","https://pbs.twimg.com/profile_images/700327841838272513/wQuct06h_normal.jpg"
"sarahfin15","96","2","2.08333","Alexandria, MN","342","https://pbs.twimg.com/profile_images/753788752305070080/ZhdKyotl_normal.jpg"
"suraya_asmal","96","4","4.16667","South Africa","1678","https://pbs.twimg.com/profile_images/702935680880680960/K1cMXime_normal.jpg"
"NathiMthethwaSA","88","6","6.81818","South Africa","11450","https://pbs.twimg.com/profile_images/725166850657673216/MjiJeExp_normal.jpg"
"louise90535705","96","1","1.04167","Port Elizabeth","735","https://pbs.twimg.com/profile_images/692548418053509121/g0JzA1R1_normal.jpg"
"HloniNyetanyane","93","3","3.22581","none","426","https://pbs.twimg.com/profile_images/734096170864148480/lWJgpI5h_normal.jpg"
"ManLaurey","84","3","3.57143","South Africa","1172","https://pbs.twimg.com/profile_images/754300641745465344/UzaoaPbC_normal.jpg"
"SaratPatnaikV1","96","3","3.125","Visakhapatnam, The beach city","14","https://pbs.twimg.com/profile_images/728146252903276544/BUpktDMP_normal.jpg"
"FionaLiewJinyee","97","1","1.03093","none","704","https://pbs.twimg.com/profile_images/752816615742328832/INtbUXyL_normal.jpg"
"bigmandnns","100","2","2","Abuja, Nigeria","731","https://pbs.twimg.com/profile_images/441226673145798657/dkMKUZvj_normal.jpeg"
"_narzli","96","1","1.04167","none","314","https://pbs.twimg.com/profile_images/753980393414467585/qn6DKohM_normal.jpg"
"pn_mve","98","3","3.06122","37ft between timezones","504","https://pbs.twimg.com/profile_images/754349779291934721/OI_38YYQ_normal.jpg"
"Sidiquesubrathi","100","6","6","Durban","2","https://pbs.twimg.com/profile_images/680134374252244993/MILAubsF_normal.jpg"
"Naz_Guman","69","2","2.89855","Netherlands (Holland)","1378","https://pbs.twimg.com/profile_images/752897594196627457/jgS-Iqkf_normal.jpg"
"MELBEEEEEEEEN","74","1","1.35135","Jakku","554","https://pbs.twimg.com/profile_images/742676183154728960/5w7aNc94_normal.jpg"
"saket71","82","2","2.43902","Delhi, India","965","https://pbs.twimg.com/profile_images/751958247406534657/hJBTYDfY_normal.jpg"
"dulahbomb","36","2","5.55556","none","177","https://pbs.twimg.com/profile_images/1675520510/Photo_91_normal.jpg"
"jprapke","100","5","5","Minneapolis, MN","74","https://pbs.twimg.com/profile_images/698356938535350272/vh8jrRo4_normal.jpg"
"3novicesSydney","100","4","4","Sydney","1101","https://pbs.twimg.com/profile_images/552444804261351424/Y4GptbP6_normal.jpeg"
"EscobarLawNY","92","2","2.17391","New York, New York ","314","https://pbs.twimg.com/profile_images/518590929192898560/fZKmLWuW_normal.jpeg"
"NTyleur","100","1","1","none","88","https://pbs.twimg.com/profile_images/622888314958249984/9dHzXRQA_normal.jpg"
"I_BlameDan","63","2","3.1746","London","1028","https://pbs.twimg.com/profile_images/752989299923099648/vy9FPRNt_normal.jpg"
"qoroq","55","2","3.63636","South Africa","1112","https://pbs.twimg.com/profile_images/743902389112012800/Tnsez6zd_normal.jpg"
"tsungirology1","83","3","3.61446","none","127","https://pbs.twimg.com/profile_images/736285241430691840/Pk7n52wO_normal.jpg"
"mallik_hyd","98","6","6.12245","Hyderabad, Telangana","241","https://pbs.twimg.com/profile_images/1445848738/ShrekWallpaper800_normal.jpg"
"SheaCompanions","90","3","3.33333","San Diego, CA","1579","https://pbs.twimg.com/profile_images/696782962512125953/-JhweV6a_normal.jpg"
"SaiRamKoppu","100","1","1","Hyderabad, India","143","https://pbs.twimg.com/profile_images/715194937869000704/amjdl9tw_normal.jpg"
"telanganafacts","100","3","3","Hyderabad ","7772","https://pbs.twimg.com/profile_images/485111836115619840/xWYqaCsa_normal.jpeg"
"VoiceTelangana","89","1","1.1236","Warangal ??????? Texas US","8864","https://pbs.twimg.com/profile_images/696193400488509440/qm9rb5pQ_normal.jpg"
"basedjaylin","84","1","1.19048","Hali ","283","https://pbs.twimg.com/profile_images/752590958538227712/K5MTyw4b_normal.jpg"
"_U_G_H","95","1","1.05263","Chicago, IL","440","https://pbs.twimg.com/profile_images/754353606963396608/h2h36znE_normal.jpg"
"ESalmina","43","4","9.30233","none","13","https://pbs.twimg.com/profile_images/754297261736206336/1pqjkLtK_normal.jpg"
"amogelang_maboe","19","3","15.7895","Northwest ","41","https://pbs.twimg.com/profile_images/753473416905318400/lLokGGWZ_normal.jpg"
"DeniseLane2","100","28","28","United States","555","https://pbs.twimg.com/profile_images/2624589189/bgccr11fmx5eoj6rdbu9_normal.jpeg"
"Ayush_insan_777","99","4","4.0404","Kaithal, India","71","https://pbs.twimg.com/profile_images/750591818711064577/B9VPfS_1_normal.jpg"
"DrJhamb","100","1","1","none","65","https://pbs.twimg.com/profile_images/632381253212176384/1s-JGbSD_normal.jpg"
"KashwekaKatrina","27","2","7.40741","Cape Town, South Africa","68","https://pbs.twimg.com/profile_images/754621532115243008/uSzOdKxk_normal.jpg"
"Dave2012Toynbee","70","1","1.42857","London town","996","https://pbs.twimg.com/profile_images/723140448307560448/p8Nv_LNJ_normal.jpg"
"I_Jay","100","2","2","none","148","https://pbs.twimg.com/profile_images/711240751280066561/8GKMo_6l_normal.jpg"
"DirectPolitics","100","1","1","none","103","https://pbs.twimg.com/profile_images/719604741987246080/udgXX5uQ_normal.jpg"
"toodex","78","1","1.28205","South Africa","251","https://pbs.twimg.com/profile_images/749981494815383553/18iBCxgq_normal.jpg"
"manjrn","76","6","7.89474","Can","3365","https://pbs.twimg.com/profile_images/676767685074620416/k7qGhvpU_normal.jpg"
"Outofnames","50","4","8","none","2762","https://pbs.twimg.com/profile_images/726249776086417408/Nk6xa9ZX_normal.jpg"
"karlakarlade","98","4","4.08163","Alabama, USA","558","https://pbs.twimg.com/profile_images/751640052485074944/FmuMRkbz_normal.jpg"
"BizarroMoMA","100","1","1","??o? ??N '??o? ??N","251","https://pbs.twimg.com/profile_images/626138944808206336/kncEe1cN_normal.jpg"
"Voice4ChangeAus","100","1","1","Australia","423","https://pbs.twimg.com/profile_images/378800000495245665/dc60227ca170b5d994dd3f4debbf056b_normal.jpeg"
"sixtimemommy","94","3","3.19149","Toronto, Ontario, Canada:)","12277","https://pbs.twimg.com/profile_images/609396185095389184/WHqTmk8b_normal.jpg"
"FlexieGlory","62","4","6.45161","hampshire uk west tisted","100","https://pbs.twimg.com/profile_images/699769665090949122/BnzSpi6w_normal.jpg"
"CountryAssDot","49","3","6.12245","FC my English is iffy","1784","https://pbs.twimg.com/profile_images/754093467404341248/lkRQyahl_normal.jpg"
"Finn_Chow","89","5","5.61798","Carlsbad, CA","6813","https://pbs.twimg.com/profile_images/723989118305230848/5A3DSAh3_normal.jpg"
"Maddykerr_xo","64","2","3.125","none","117","https://pbs.twimg.com/profile_images/754202682802499584/Ofq6R_iF_normal.jpg"
"Brooklynnecanto","92","2","2.17391","none","332","https://pbs.twimg.com/profile_images/753806296076292096/bmjzhCjp_normal.jpg"
"GillHoffs","74","1","1.35135","Warrington, England","1347","https://pbs.twimg.com/profile_images/378800000749436023/71c832e0094d5c7d6275f96a7d5d49b8_normal.jpeg"
"unflavoredbeans","76","1","1.31579","none","177","https://pbs.twimg.com/profile_images/745629859204956161/HRaAzEo1_normal.jpg"
"Tshikane","96","2","2.08333","Johannesburg,South Africa","309","https://pbs.twimg.com/profile_images/736886406556078080/GpoQMouX_normal.jpg"
"koketsomadisa","94","2","2.12766","Pretoria, South Africa","876","https://pbs.twimg.com/profile_images/704173730319224832/ZGdYwiCp_normal.jpg"
"Sports_Rants","100","1","1","Miami, Florida","123142","https://pbs.twimg.com/profile_images/493525162910687232/2hD0IxUS_normal.png"
"vtukula","70","6","8.57143","Christiana, South Africa","236","https://pbs.twimg.com/profile_images/725113738228019200/ntDBfSHi_normal.jpg"
"Varsity_College","97","5","5.15464","South Africa","6272","https://pbs.twimg.com/profile_images/496278134199570432/vErATXtL_normal.png"
"PPofNE","100","1","1","United States","70","https://pbs.twimg.com/profile_images/648901098670026752/AhDeBnpv_normal.jpg"
"pfriedmann2","25","2","8","none","10","https://pbs.twimg.com/profile_images/624358802528276481/1RDlD-y9_normal.jpg"
"Ben_YG","100","1","1"," East London | Manchster","399","https://pbs.twimg.com/profile_images/749658382945095680/41WevObt_normal.jpg"
"cajunscientific","100","6","6","US","2665","https://pbs.twimg.com/profile_images/1042974227/Black_bear_Yellowstone_NP_2008_normal.jpg"
"jt_osaki","88","5","5.68182","tokyo","1011","https://pbs.twimg.com/profile_images/520904823583952896/X-IYXhCU_normal.jpeg"
"VIKRAMMAAN13","98","5","5.10204","Rajasthan, India","287","https://pbs.twimg.com/profile_images/717897853666861057/QZXg10yj_normal.jpg"
"Shrutikoorichh1","81","5","6.17284","Navi mumbai","270","https://pbs.twimg.com/profile_images/754371865817284612/EKkqwNrz_normal.jpg"
"Izzah_Hairyza","99","1","1.0101","Ice age.","820","https://pbs.twimg.com/profile_images/748401710008152064/Z6JvzoQO_normal.jpg"
"Jass967985171","100","1","1","Bathinda, India","16","https://pbs.twimg.com/profile_images/753984268347604992/hSHswkpD_normal.jpg"
"jaskara06728322","100","1","1","Bathinda, India","303","https://pbs.twimg.com/profile_images/731124002144419841/iIcXi7Qw_normal.jpg"
"paalsingh45","100","4","4","Patiala","154","https://pbs.twimg.com/profile_images/753451816180912128/9jbFjIoC_normal.jpg"
"SarahRhodaLivin","95","1","1.05263","none","4960","https://pbs.twimg.com/profile_images/726661379218923520/T3i15iRy_normal.jpg"
"Akma6811","99","4","4.0404","Kuala Lipis , Pahang .","286","https://pbs.twimg.com/profile_images/747118799007023104/uQOyMnmu_normal.jpg"
"AKANISHl","20","1","5","eng + fr ok!","264","https://pbs.twimg.com/profile_images/754574677188677632/0Tj45ht4_normal.jpg"
"kyoiNo_Shizen","100","3","3","in the Hell named Lonely..","472","https://pbs.twimg.com/profile_images/422197010486136832/zCLtjprP_normal.jpeg"
"lauragoodrich1","100","11","11","none","181","https://pbs.twimg.com/profile_images/482366289034223616/PpK1329B_normal.jpeg"
"troylerhowltr","86","3","3.48837","hogwarts","431","https://pbs.twimg.com/profile_images/752307235468881920/uziW63iW_normal.jpg"
"VictoriaH1962","51","3","5.88235","Red Oak IA","70","https://pbs.twimg.com/profile_images/750855882359975936/_2BVTsM8_normal.jpg"
"penitentman1961","79","5","6.32911","Pennsylvania, USA","173","https://pbs.twimg.com/profile_images/749683710870450176/7LM4XKLB_normal.jpg"
"_hsl","88","1","1.13636","none","92","https://pbs.twimg.com/profile_images/741233540684251136/Znt16vAS_normal.jpg"
"CaveManCobb","44","1","2.27273","none","30","https://pbs.twimg.com/profile_images/707215565056663553/EuHfmk2T_normal.jpg"
"LittleNasian","99","3","3.0303","Canada","71","https://pbs.twimg.com/profile_images/750398053501136896/TdnSe1Z__normal.jpg"
"PrideOfMyClan","99","1","1.0101","none","54","https://pbs.twimg.com/profile_images/754417583462449152/cYc26q-V_normal.jpg"
"TheStimage","79","3","3.79747","none","152","https://pbs.twimg.com/profile_images/713030591525089281/p_hQJ9iI_normal.jpg"
"elianti","87","1","1.14943","Alto Mare, Johto (& Guam)","274","https://pbs.twimg.com/profile_images/718327948055588864/asAhhATm_normal.jpg"
"TOparent","100","2","2","toronto ","2928","https://pbs.twimg.com/profile_images/378800000411285436/9c383c3c41b0f16fe18e47c94491d5a8_normal.jpeg"
"Parentingtweete","100","1","1","none","322","https://pbs.twimg.com/profile_images/463424029735387136/dgsfFDnz_normal.jpeg"
"ZigZagRags","100","3","3","Michigan","123","https://pbs.twimg.com/profile_images/585157872771805185/D5qOUkNU_normal.png"
"InfoParents","100","2","2","none","299","https://pbs.twimg.com/profile_images/517498010289188864/jqIpfQD6_normal.png"
"parenting","100","4","4","none","1446503","https://pbs.twimg.com/profile_images/444510108278480896/CGmOCKah_normal.png"
"MIOR_MUHAIMIN","90","1","1.11111","none","132","https://pbs.twimg.com/profile_images/733113614261878785/0olDPnb8_normal.jpg"
"Gargamelkiller","100","1","1","right hand and left","11649","https://pbs.twimg.com/profile_images/660256303126880260/tN3HaBey_normal.jpg"
"13Joshua13","100","1","1","none","23416","https://pbs.twimg.com/profile_images/660151291570712576/3KgO5JYe_normal.jpg"
"iLove_Vonnie","75","2","2.66667","Back in St. Olaf...","2129","https://pbs.twimg.com/profile_images/723375788574167041/AtMkHqU2_normal.jpg"
"BIG_SMALLS","98","3","3.06122","Brooklyn USA","1911","https://pbs.twimg.com/profile_images/725838612076593153/P6y8hnQJ_normal.jpg"
"akubdakksewel","81","2","2.46914","UUM , Sintok","307","https://pbs.twimg.com/profile_images/680432365135507457/xpFmpBH6_normal.jpg"
"Ambernique3","96","2","2.08333","gstateu17. ??","807","https://pbs.twimg.com/profile_images/699848585794473984/5Hr6y1yi_normal.jpg"
"imcoolrakesh7","100","2","2","LIG 165, Model Town, Bathinda","708","https://pbs.twimg.com/profile_images/524006683488436227/3kzUH0UH_normal.jpeg"
"insharashmi","77","5","6.49351","Faridabad","160","https://pbs.twimg.com/profile_images/734336737888112640/SnNtr14s_normal.jpg"
"nikhilverma5633","81","2","2.46914","9781400427","85","https://pbs.twimg.com/profile_images/733841042676416512/oPdKR2Kt_normal.jpg"
"ishikaagarwal01","100","2","2","none","126","https://pbs.twimg.com/profile_images/751456743218176000/w1EIdFdE_normal.jpg"
"THEREALWANYA","91","2","2.1978","wherever i wanna b","377","https://pbs.twimg.com/profile_images/752677954635722753/Md0aVnCd_normal.jpg"
"Deepikainsan8","92","2","2.17391","malout","64","https://pbs.twimg.com/profile_images/748717405422100480/fxjIetbr_normal.jpg"
"zhirazamri","100","2","2","Johor Darul Ta'zim ","381","https://pbs.twimg.com/profile_images/752428022918033408/sfNkIefd_normal.jpg"
"tessascire","86","1","1.16279","Flagstaff, AZ","186","https://pbs.twimg.com/profile_images/754430354769874944/Pu-mWIlD_normal.jpg"
"kimrodrick92","100","4","4","West Virginia, USA","31","https://pbs.twimg.com/profile_images/743402076580024320/x3haYV8c_normal.jpg"
"smilemaul","89","1","1.1236","United States","2363","https://pbs.twimg.com/profile_images/753674957842845696/CEd8o5ED_normal.jpg"
"PolpetteDiCarne","73","2","2.73973","S.F. Bay Area CA.","519","https://pbs.twimg.com/profile_images/641675590987223040/xZJ5frHw_normal.jpg"
"Milieis","100","3","3","none","809","https://pbs.twimg.com/profile_images/378800000416642085/434c79b575ec17e84bc58c86dd0f74d3_normal.jpeg"
"awestentatious","92","3","3.26087","none","1168","https://pbs.twimg.com/profile_images/563565322754465792/E-anbJ0l_normal.jpeg"
"Abuhanann","95","3","3.15789","Kano Nigeria","160","https://pbs.twimg.com/profile_images/698895677984763904/KzTKs-Vy_normal.jpg"
"shamsulhasan06","67","1","1.49254","karachi","545","https://pbs.twimg.com/profile_images/745871483071770624/J-3i_6an_normal.jpg"
"AB_ash1","96","4","4.16667","Rawalpindi, Pakistan","3829","https://pbs.twimg.com/profile_images/752495907451592704/bBT9f8MT_normal.jpg"
"idiopathically","40","1","2.5","none","2326","https://pbs.twimg.com/profile_images/734743745183256576/TGGEdwzF_normal.jpg"
"IslamiIntegrity","61","4","6.55738","none","199","https://pbs.twimg.com/profile_images/752166374601068547/ezm6FNEj_normal.jpg"
"WitnessToAllah","59","3","5.08475","Karachi","4656","https://pbs.twimg.com/profile_images/669015303406403585/vdtjtf8J_normal.jpg"
"lyriumelody","82","1","1.21951","England","72","https://pbs.twimg.com/profile_images/753261699835301889/yJI7ni6K_normal.jpg"
"tiqahazizan","99","2","2.0202","Malaysia","298","https://pbs.twimg.com/profile_images/645570957940158464/kLcab3bJ_normal.jpg"
"EimaHijau","100","1","1","Pekan, Pahang","140","https://pbs.twimg.com/profile_images/750247153365184512/LjQJmz2N_normal.jpg"
"paharihacker","86","2","2.32558","Himalyas (18,088 ft)","634","https://pbs.twimg.com/profile_images/745874697372442624/6pqAebMD_normal.jpg"
"graceful_leo","98","1","1.02041","none","166","https://pbs.twimg.com/profile_images/730698506487402496/H2rclMuM_normal.jpg"
"rajeevguptamaa","7","2","28.5714","Rohtak Suncity, Rohtak","5","https://abs.twimg.com/sticky/default_profile_images/default_profile_5_normal.png"
"amalinosman","97","1","1.03093","Kuala Lumpur","218","https://pbs.twimg.com/profile_images/753282480036192257/sK6fbU1r_normal.jpg"
"gee_less","90","1","1.11111","none","118","https://pbs.twimg.com/profile_images/714103553632157697/c2fRGNFT_normal.jpg"
"BandleScout","63","5","7.93651","Bandle City","463","https://pbs.twimg.com/profile_images/754608437170798592/GPCTCcg__normal.jpg"
"mvcorachea_","53","1","1.88679","Batangas ?? Manila","585","https://pbs.twimg.com/profile_images/749233970743681029/569Io6mQ_normal.jpg"
"hannahjjlee","62","2","3.22581","none","373","https://pbs.twimg.com/profile_images/747557118601920512/RgHmbg_D_normal.jpg"
"elizarkostin","100","2","2","none","24","https://pbs.twimg.com/profile_images/752786414891372544/T3wUH3Ku_normal.jpg"
"tonirae99","82","2","2.43902","sc: tonirae_99","482","https://pbs.twimg.com/profile_images/752261674971738112/HTNKEJFe_normal.jpg"
"er_in_da_air","78","1","1.28205","sc~ erin.carroll ","357","https://pbs.twimg.com/profile_images/741077110769360896/wENKHRpA_normal.jpg"
"MaryBlowers","100","8","8","United States","10482","https://pbs.twimg.com/profile_images/746370463388020736/qdHmo29C_normal.jpg"
"Cassidy0807","89","1","1.1236","none","61","https://pbs.twimg.com/profile_images/748346674997788674/PDgdeHaw_normal.jpg"
"jacobmcc_23","95","2","2.10526","none","311","https://pbs.twimg.com/profile_images/754541950359994368/AOsGHyDp_normal.jpg"
"Borman_Author","98","4","4.08163","Birmingham, MI","14081","https://pbs.twimg.com/profile_images/701068699638235136/NHKezRKd_normal.jpg"
"juliannaarobl","92","2","2.17391","none","260","https://pbs.twimg.com/profile_images/754174526263554048/N5jE9BZ5_normal.jpg"
"madison_spitale","98","1","1.02041","none","316","https://pbs.twimg.com/profile_images/741282425406390273/K6oxhKHt_normal.jpg"
"hepmcamp","53","1","1.88679","none","252","https://pbs.twimg.com/profile_images/740961784429838338/6RIF5IGK_normal.jpg"
"amariet_","98","1","1.02041","none","516","https://pbs.twimg.com/profile_images/749764903918002176/GNT7ZWKo_normal.jpg"
"D_E_N_Z_E_L__73","100","2","2"," WEIGHT ROOM /FIELD","121","https://pbs.twimg.com/profile_images/754481090442645508/S34Z5oiF_normal.jpg"
"YDeeG","81","1","1.23457","Lemon Grove, CA","941","https://pbs.twimg.com/profile_images/753591022396071936/ZRw829Ey_normal.jpg"
"kforkhausyy","84","1","1.19048","KUL,MAS","64","https://pbs.twimg.com/profile_images/737348369274798085/FxMfUAo6_normal.jpg"
"lueken_michael","55","1","1.81818","none","388","https://pbs.twimg.com/profile_images/747113307472007168/t1InVWHT_normal.jpg"
"King__Malik88","89","2","2.24719","none","551","https://pbs.twimg.com/profile_images/740035115145781248/YiW1UYbN_normal.jpg"
"forevercreepin","97","2","2.06186","none","217","https://pbs.twimg.com/profile_images/708902366217523202/2smFxdYV_normal.jpg"
"itsjustsebas","100","1","1","none","128","https://pbs.twimg.com/profile_images/749746515984416768/L75hxmUp_normal.jpg"
"brooklynfield1","91","1","1.0989","Stillwater, OK","952","https://pbs.twimg.com/profile_images/750063152801259520/uDi9KtJ0_normal.jpg"
"eleal34911","99","5","5.05051","none","201","https://pbs.twimg.com/profile_images/741859090033303554/if7SE-45_normal.jpg"
"triplethreatt12","97","1","1.03093","none","346","https://pbs.twimg.com/profile_images/753263304383029248/NBTGlI4F_normal.jpg"
"_curlyfreak","96","1","1.04167","none","696","https://pbs.twimg.com/profile_images/745698963907579904/nvZaIKgl_normal.jpg"
"laurrennP","94","3","3.19149","Clifton, TX","496","https://pbs.twimg.com/profile_images/754196844763230209/yyVYTFeB_normal.jpg"
"laurengott14","94","2","2.12766","none","359","https://pbs.twimg.com/profile_images/739237504499359744/JXXI-K63_normal.jpg"
"Vick_IseeFrance","94","1","1.06383","none","440","https://pbs.twimg.com/profile_images/734567631571783680/yXebvQct_normal.jpg"
"Morgann4503","98","1","1.02041","none","180","https://pbs.twimg.com/profile_images/731344987821092864/4ZCNmdid_normal.jpg"
"gregalcaro1323","95","1","1.05263","USA","353","https://pbs.twimg.com/profile_images/752942343775453184/tZ6Rayus_normal.jpg"
"SQUIB_kick_it12","71","1","1.40845","none","532","https://pbs.twimg.com/profile_images/751154338224111616/7REvbnyE_normal.jpg"
"rosefrancesxxx","91","1","1.0989","snapchat: rosefrancesxx","343","https://pbs.twimg.com/profile_images/751990621930344448/wyZuDtss_normal.jpg"
"___piper","88","2","2.27273","none","517","https://pbs.twimg.com/profile_images/754526120968609792/dps04NTT_normal.jpg"
"AChiriboga99","99","2","2.0202","London, England","214","https://pbs.twimg.com/profile_images/744381683802193920/bOBKeUF8_normal.jpg"
"cutie_cookiee","96","1","1.04167","somewhere on earth","308","https://pbs.twimg.com/profile_images/724209574618771457/Kw1urVMg_normal.jpg"
"mharper32","23","5","21.7391","none","376","https://pbs.twimg.com/profile_images/744519692778352640/uCEOyRce_normal.jpg"
"LetsgetBUNKedup","85","2","2.35294","chicago midway","465","https://pbs.twimg.com/profile_images/746163909246205952/SZ53MHEL_normal.jpg"
"ysamsarmiento","63","2","3.1746","volleyverse","514","https://pbs.twimg.com/profile_images/754663601592373248/aCE-UMQR_normal.jpg"
"jray_19_","99","2","2.0202","Murrieta, CA","132","https://pbs.twimg.com/profile_images/746553037523660804/sECKMuX0_normal.jpg"
"_jesskerr","85","2","2.35294","none","161","https://pbs.twimg.com/profile_images/753042472691965952/DOQQJR8I_normal.jpg"
"_GirlWhoLived","88","1","1.13636","with Nic& his 14 cats","1207","https://pbs.twimg.com/profile_images/754437167846481920/KuENGXVf_normal.jpg"
"celestetkl","95","2","2.10526","agwt spxm vt jlyq th","938","https://pbs.twimg.com/profile_images/744596495932919810/fDDJEyWk_normal.jpg"
"bussey_20","87","1","1.14943","none","51","https://pbs.twimg.com/profile_images/746880621914488832/WYwIBJ-6_normal.jpg"
"javana_n","87","1","1.14943","gburg '17","544","https://pbs.twimg.com/profile_images/753710489977425920/lhjoYfPB_normal.jpg"
"official_m_a","100","3","3","Lisbon-Portugal ","1298","https://pbs.twimg.com/profile_images/725406682491277317/Yu7F8VPi_normal.jpg"
"alexiplier","100","3","3","none","42","https://pbs.twimg.com/profile_images/744393418755825664/KQzwxPG1_normal.jpg"
"k_korinne","86","1","1.16279","none","499","https://pbs.twimg.com/profile_images/741834329651744769/1S4sG-bU_normal.jpg"
"traponwifi","98","2","2.04082","In the gym","161","https://pbs.twimg.com/profile_images/754087566190768128/3OLrJKRE_normal.jpg"
"CollinJacobs_3","95","1","1.05263","Walkersville, MD","449","https://pbs.twimg.com/profile_images/753400221594427392/GSaeug_Y_normal.jpg"
"ummsteff","89","1","1.1236","ill tell you when i land","937","https://pbs.twimg.com/profile_images/754148308508037120/iHJ_Xn27_normal.jpg"
"meehan204","86","2","2.32558","Northwood, OH","134","https://pbs.twimg.com/profile_images/750451308314976256/W4rn28g2_normal.jpg"
"Landry2335","86","3","3.48837","none","69","https://pbs.twimg.com/profile_images/747584797527007233/ZdD-dQBb_normal.jpg"
"lauraanicole14","73","1","1.36986","Kentucky, USA","279","https://pbs.twimg.com/profile_images/739261860868952064/NJd-7KCh_normal.jpg"
"opsiudhk","100","2","2","United States","15","https://pbs.twimg.com/profile_images/752203497563643905/kioRrsf1_normal.jpg"
"Kronic_Krushers","100","4","4","none","537","https://pbs.twimg.com/profile_images/752651970901671936/3Z4Lrpmh_normal.jpg"
"silver_table","78","2","2.5641","not sure","106","https://pbs.twimg.com/profile_images/742096485744050176/YbR4mdc5_normal.jpg"
"m80rox","61","3","4.91803","Minehead","614","https://pbs.twimg.com/profile_images/664726203337543680/jUTAadmO_normal.png"
"rtcherian","95","1","1.05263","none","720","https://pbs.twimg.com/profile_images/309515895/Me_Twitter_normal.jpg"
"silver_shots","99","5","5.05051","Washington State","125","https://pbs.twimg.com/profile_images/639994046736285697/rR78x-71_normal.jpg"
"silver_wings7","99","3","3.0303","none","775","https://pbs.twimg.com/profile_images/742360405465407488/2iznzFxk_normal.jpg"
"HongKongdaily","100","1","1","none","5253","https://pbs.twimg.com/profile_images/2401107038/yq4ljmk7ukgvj0rd1i7d_normal.png"
"AlbertMylesAM","100","1","1","Cleveland,OH","2337","https://pbs.twimg.com/profile_images/420989483685670912/Fz94KTxn_normal.jpeg"
"silver_shinji","22","2","9.09091","London, England","751","https://pbs.twimg.com/profile_images/751124588331929601/iheOgxt9_normal.jpg"
"jaspeanuts","100","1","1","Singapore","211","https://pbs.twimg.com/profile_images/547343512/n605631463_1302323_5782_normal.jpg"
"Chinese247","100","4","4","England, UK","171","https://pbs.twimg.com/profile_images/2092410966/Chinese247_logo_normal.png"
"hongkong_buzz","100","4","4","Hong Kong, China","210","https://pbs.twimg.com/profile_images/3759915037/08f93ac65fba644948bfd32bbfa2c644_normal.jpeg"
"dailyhknews","100","2","2","Hong Kong","1478","https://pbs.twimg.com/profile_images/259574570/hong_kong_flag_normal.gif"
"exUKexHK","92","6","6.52174","Hong Kong","557","https://pbs.twimg.com/profile_images/537560345338847232/3rdBaI1V_normal.jpeg"
"dlHongKong","100","6","6","none","868","https://pbs.twimg.com/profile_images/556541603209175041/8xKpiJQw_normal.jpeg"
"hongkong_news","100","2","2","Hong Kong","223376","https://pbs.twimg.com/profile_images/567912150/image_normal.jpg"
"hkstream","100","2","2","Hong Kong","38496","https://pbs.twimg.com/profile_images/526260706690088960/1ji6OSUj_normal.png"
"Manal_SLP","60","1","1.66667","none","332","https://pbs.twimg.com/profile_images/750053332379631617/j9Kfhkmx_normal.jpg"
"long_kev_silver","21","1","4.7619","Irish born and raised - NJ USA","165","https://pbs.twimg.com/profile_images/706810623389265920/rw1LLS7g_normal.jpg"
"ProudNannyof3","92","1","1.08696","Right of D.C.","4523","https://pbs.twimg.com/profile_images/751386746630189056/29RyYPYT_normal.jpg"
"symsense","89","4","4.49438","Texas, USA","131","https://pbs.twimg.com/profile_images/631126001016180736/G4LxGnGS_normal.jpg"
"thefinn12345","82","2","2.43902","Sydney, Australia.","1759","https://pbs.twimg.com/profile_images/730726836989108224/AF_vj--d_normal.jpg"
"ranaalikash","100","2","2","World","419","https://pbs.twimg.com/profile_images/716843101235576833/EEBEPFA0_normal.jpg"
"ShehbaazPathan","83","2","2.40964","Mumbai, India","113","https://pbs.twimg.com/profile_images/710083189079846912/DIoDkg9P_normal.jpg"
"IndoLiberal","100","2","2","none","207","https://pbs.twimg.com/profile_images/615820170150293504/LUElpdpO_normal.jpg"
"til_now","100","2","2","none","1030","https://pbs.twimg.com/profile_images/1157097206/artician_bigger_bigger_normal.png"
"GlobExpressNews","100","1","1","San Francisco, CA","53741","https://pbs.twimg.com/profile_images/722429582423506944/8hQ03UV__normal.jpg"
"raghavseth212","100","1","1","none","540","https://pbs.twimg.com/profile_images/595914905993117696/23E9d8ie_normal.jpg"
"ItsKaraN007","100","1","1","India","5215","https://pbs.twimg.com/profile_images/737271727609122817/MsDg0nlw_normal.jpg"
"RadhaMohan22","100","1","1","India","258","https://pbs.twimg.com/profile_images/638949409858826240/3CgTbBpg_normal.jpg"
"dna","100","1","1","India","1290065","https://pbs.twimg.com/profile_images/599105761831038976/yvTdV1vY_normal.png"
"EU_EESC","98","5","5.10204","Brussels","23690","https://pbs.twimg.com/profile_images/715145017845792769/fbSYbSDU_normal.jpg"
"RyanAvenue","40","1","2.5","New Jersey, USA","305","https://pbs.twimg.com/profile_images/643380318829940736/i9oOZfHo_normal.jpg"
"BEFREEinFL","92","3","3.26087","Orlando Florida","943","https://pbs.twimg.com/profile_images/3486933350/09dd3dc13ed5aefdbb46dc8ad8bd660e_normal.jpeg"
"truth_silver","100","1","1","In the nightmares of the elite","1150","https://pbs.twimg.com/profile_images/734623016433389568/5YeuYfqB_normal.jpg"
"sophybee1","87","3","3.44828","none","2017","https://pbs.twimg.com/profile_images/735482274318147585/-cSmB18O_normal.jpg"
"DudleyKing","89","3","3.37079","Virginia, USA","1762","https://pbs.twimg.com/profile_images/504001484292247552/GEoV3Rsg_normal.jpeg"
"Bullionbasis","95","1","1.05263","London, England","2239","https://pbs.twimg.com/profile_images/3486834693/9a92d06f2f45548a47e85c0c5a021b3b_normal.jpeg"
"tea_best","100","2","2","Los Angeles, Ca","1447","https://pbs.twimg.com/profile_images/378800000849391675/b29e673a94b9c07303b83a7e503474a8_normal.jpeg"
"silver_razor","90","7","7.77778","none","113","https://pbs.twimg.com/profile_images/693129658964021249/fDaRwvQC_normal.jpg"
"SilverLegacyBio","100","1","1","none","30","https://pbs.twimg.com/profile_images/740272853237436417/d0SjYTXm_normal.jpg"
"pcritch","99","3","3.0303","none","463","https://pbs.twimg.com/profile_images/378800000733256580/f20a754a378541dbba81acd9c56f94c6_normal.jpeg"
"anbtruth","82","3","3.65854","none","156","https://pbs.twimg.com/profile_images/654037236372017152/pHseIypf_normal.jpg"
"SOCentralMOFCA","92","3","3.26087","South Central Missouri","971","https://pbs.twimg.com/profile_images/697140943271514112/xsIiNlSR_normal.jpg"
"Sirois22","75","1","1.33333","Missouri","519","https://pbs.twimg.com/profile_images/750133752538406912/Dolu76n__normal.jpg"
